User_ID,Profile_ID,Profile_Type,Age_Group,Gender,Country,Region,City,Language,Interface_Language,Subscription_Plan,Monthly_Fee_USD,Signup_Date,Last_Payment_Date,Payment_Method,Account_Age_Days,Is_Free_Trial,Trial_Converted,Profiles_Count,Simultaneous_Streams_Allowed,Content_ID,Title,Content_Type,Genre,Original_Language,Content_Origin,Release_Year,Age_Rating,Season_Count,Episode_Count,Watch_Date,Day_of_Week,Watch_Start_Hour,Watch_Duration_Min,Content_Duration_Min,Completion_Rate_Pct,Watch_Status,Rewatched,Subtitles_Used,Audio_Language,Rating_Given,Thumbs_Up_Count,Thumbs_Down_Count,Added_To_Watchlist,Shared_Content,Downloaded_Offline,Notification_Pref,Autoplay_Enabled,Skip_Intro_Used,Skip_Recap_Used,Device_Type,Platform,Stream_Quality,Audio_Quality,Buffering_Events,Avg_Bitrate_Mbps,Data_Used_GB,Connection_Type,HDR_Enabled,Dolby_Enabled,Director,Lead_Actor,Content_Mood,IMDB_Rating,Rotten_Tomatoes_Score,Netflix_Score,Global_Rank,Country_Rank,Views_First_Week_M,Total_Views_M,Segment,Churn_Risk,Satisfaction,NPS_Score,Days_Since_Last_Watch,Avg_Weekly_Watch_Hours,Monthly_Sessions,Content_Explored_Count,Search_Count,Recommendation_Clicked,Revenue_USD,Discount_Applied,Discount_Amount_USD,Ad_Revenue_USD,Affiliate_Revenue_USD,LTV_USD,Cost_To_Serve_USD,Gross_Margin_USD,Refund_Issued,Refund_Amount_USD,Referral_Source,Campaign_ID,Promo_Code_Used,Promo_Code,Cancel_Reason,Reactivated,Reactivation_Date,Support_Tickets,Avg_Resolution_Hours,Fiscal_Quarter
USR748564,PRF479201,Adult,55+,Female,USA,South Asia,Mumbai,Hindi,English,Basic,2.4,2023-04-05,2024-02-22,PayPal,323,Yes,No,1,1,CNT338968,Stranger Things,Series,Action,Korean,Licensed,2023,U,5,30,2024-07-28,Sunday,6,112,159,70.4,In Progress,Yes,Always,Portuguese,1.9,142,58,No,Yes,No,Recommendations Only,Yes,No,Yes,Gaming Console,Web,Dolby Vision,Dolby Atmos,2,5.78,1.35,4G,Yes,No,Scott Stuber,Claire Foy,Light-Hearted,7.7,91,60,195,11,105.0,461.2,Re-Activated,High,Very Satisfied,-42,26,1.8,21,103,17,Yes,0.6,Yes,0.92,0.19,0.85,105.6,1.16,-0.56,Yes,2.02,Word of Mouth,CMP694731,Yes,NF5803,Not Applicable,Yes,2024-01-23,5,15.4,FY2024-Q3
USR575763,PRF103402,Shared,55+,Non-Binary,Brazil,South Asia,Karachi,Italian,Japanese,Basic,2.4,2017-10-07,2024-10-14,Debit Card,2564,No,Yes,5,1,CNT632342,Delhi Crime,Reality Show,Romance,Korean,Netflix Original,2017,U/A 13+,1,1,2024-06-05,Wednesday,15,8,43,18.6,Dropped,Yes,Always,Japanese,4.4,390,20,Yes,No,No,All,Yes,No,No,Mobile,Android,720p,Dolby Atmos,7,13.46,0.22,WiFi,Yes,No,Ryan Murphy,Pankaj Tripathi,Intense,5.7,50,87,153,5,58.3,382.7,Casual Viewer,Very High,Very Dissatisfied,-58,8,21.3,39,109,13,Yes,0.7,Yes,3.56,0.23,0.88,129.6,1.17,-0.47,No,0,TV Ad,CMP426858,No,None,Content Not Interesting,Yes,2023-10-28,3,47.8,FY2024-Q2
USR522179,PRF863587,Adult,45-54,Non-Binary,Germany,South Asia,Bangalore,Hindi,Hindi,Basic,2.4,2015-09-20,2024-06-22,Debit Card,3198,Yes,Yes,5,1,CNT299448,Dark,Movie,Comedy,English,Co-Production,2018,U/A 16+,1,1,2023-03-11,Saturday,1,14,104,13.5,Dropped,Yes,Sometimes,Spanish,3.1,142,59,Yes,Yes,No,None,Yes,Yes,Yes,Smart TV,Tizen,720p,Surround 5.1,9,12.08,0.35,3G,No,Yes,Scott Stuber,Jitendra Kumar,Feel Good,6.3,71,73,139,9,108.8,979.2,Casual Viewer,Very High,Very Satisfied,-1,8,37.1,51,117,18,No,0.61,No,0,0.38,0.1,79.2,1.39,-0.78,No,0,TV Ad,CMP865990,Yes,NF2612,Too Expensive,No,Not Applicable,4,31.9,FY2023-Q1
USR888387,PRF176066,Adult,25-34,Male,UK,Latin America,Mexico City,German,Portuguese,Mobile,1.8,2023-05-22,2024-06-09,Gift Card,384,Yes,Yes,5,1,CNT204837,Breaking Bad,Mini-Series,Drama,Italian,Netflix Original,2016,A,7,49,2023-03-12,Sunday,19,20,37,54.1,In Progress,Yes,Never,French,2.6,67,44,Yes,Yes,No,Recommendations Only,Yes,No,No,Gaming Console,Android,Dolby Vision,Surround 5.1,10,14.8,0.62,Fiber,Yes,Yes,Martin Scorsese,Álvaro Morte,Dark,9.2,76,75,149,39,6.9,15.2,Re-Activated,Medium,Neutral,-28,19,8.8,22,53,43,No,0.35,No,0,0.41,0.72,37.8,1.16,-0.81,Yes,1.54,Partner Deal,CMP612262,No,None,Found Alternative,No,Not Applicable,2,43.5,FY2023-Q1
USR288073,PRF872343,Shared,55+,Non-Binary,India,Africa,Lagos,Portuguese,Japanese,Mobile,1.8,2015-01-15,2024-06-19,PayPal,3443,Yes,No,2,1,CNT870763,Don't Look Up,Talk Show,Animation,Portuguese,Netflix Original,2023,U/A 13+,1,1,2023-01-10,Tuesday,3,14,39,35.9,In Progress,Yes,Never,Hindi,3.2,195,4,No,Yes,Yes,Recommendations Only,No,No,Yes,Mobile,Android,720p,Surround 5.1,0,22.52,0.66,5G,No,Yes,Martin Scorsese,Phoebe Dynevor,Romantic,8.8,77,95,38,28,20.0,82.4,Re-Activated,High,Very Satisfied,-71,28,38.8,12,149,16,Yes,0.23,Yes,3.5,0.71,0.56,57.6,2.93,-2.7,Yes,1.74,Social Media,CMP725550,Yes,NF7755,Too Expensive,Yes,2023-06-16,3,16.9,FY2023-Q1
USR674553,PRF974224,Adult,45-54,Male,Brazil,Africa,Cape Town,French,Spanish,Premium,7.82,2021-06-19,2024-04-07,Debit Card,1023,No,Yes,1,4,CNT550770,Red Notice,Reality Show,Drama,Italian,Co-Production,2023,A,1,1,2024-12-04,Wednesday,23,51,70,72.9,In Progress,No,Sometimes,German,2.7,226,86,Yes,No,Yes,None,Yes,No,No,Smart TV,Tizen,1080p,Stereo,4,12.92,1.37,4G,Yes,Yes,Shonda Rhimes,Lee Jung-jae,Funny,9.3,98,81,160,21,99.8,255.4,Churned,Low,Dissatisfied,6,28,25.4,13,184,44,No,1.77,No,0,0.8,0.3,109.48,0.98,0.79,No,0,App Store,CMP519066,No,None,Technical Issues,Yes,2024-09-22,1,7.5,FY2024-Q4
USR342495,PRF501641,Shared,35-44,Female,India,South Asia,Mumbai,Korean,English,Mobile,1.8,2021-04-02,2024-05-07,Net Banking,1131,Yes,No,2,1,CNT527398,Marriage Story,Talk Show,Animation,Italian,Licensed,2024,A,1,1,2023-11-21,Tuesday,14,134,176,76.1,In Progress,No,Sometimes,English,2.7,105,53,No,Yes,No,Recommendations Only,Yes,No,No,Tablet,Roku,Dolby Vision,Dolby Atmos,10,7.29,2.04,Fiber,Yes,No,Alfonso Cuarón,Claire Foy,Romantic,9.1,68,70,191,31,68.1,537.3,Power User,Low,Dissatisfied,-14,21,27.3,26,186,10,No,0.45,No,0,1.25,0.27,18.0,2.28,-1.83,Yes,1.22,Word of Mouth,CMP752483,Yes,NF3267,Content Not Interesting,No,Not Applicable,4,1.8,FY2023-Q4
USR275939,PRF735324,Kids,55+,Male,Mexico,Latin America,Lima,Spanish,Spanish,Premium,7.82,2016-07-09,2024-08-24,Credit Card,2968,Yes,Yes,3,4,CNT706794,Mirzapur,Anime,Action,German,Netflix Original,2020,U/A 13+,3,36,2024-01-24,Wednesday,8,37,127,29.1,In Progress,No,Sometimes,Korean,4.3,38,75,Yes,Yes,No,None,Yes,Yes,No,Gaming Console,Roku,1080p,Stereo,10,1.49,0.11,Broadband,No,Yes,Scott Stuber,Shefali Shah,Funny,7.1,87,94,14,23,34.4,71.7,New User,Very High,Neutral,62,28,33.2,46,40,27,Yes,0.68,Yes,1.4,0.04,0.15,109.48,1.68,-1.0,Yes,4.85,TV Ad,CMP647091,No,None,Found Alternative,Yes,2024-04-21,5,13.3,FY2024-Q1
USR197573,PRF408528,Shared,35-44,Female,Germany,Africa,Addis Ababa,Portuguese,Korean,Standard,6.01,2017-10-02,2024-02-14,Debit Card,2326,No,Yes,4,2,CNT421080,Dark,Talk Show,Crime,Tamil,Co-Production,2021,A,1,1,2023-12-11,Monday,0,88,146,60.3,In Progress,No,Sometimes,Italian,1.7,271,44,No,No,No,None,No,No,No,Laptop,Tizen,480p,Dolby Atmos,4,14.12,2.59,4G,No,Yes,Jenji Kohan,Pankaj Tripathi,Intense,6.0,91,76,88,18,132.2,986.2,Casual Viewer,Medium,Dissatisfied,-30,23,23.8,49,135,38,No,1.16,Yes,0.89,1.44,0.49,324.54,1.1,0.06,No,0,Social Media,CMP973074,No,None,Too Expensive,No,Not Applicable,1,14.6,FY2023-Q4
USR411797,PRF717113,Teen,13-17,Prefer Not to Say,Spain,Asia Pacific,Seoul,French,Portuguese,Basic,2.4,2018-01-28,2024-01-24,Gift Card,2187,Yes,No,2,1,CNT163156,Bird Box,Talk Show,Comedy,English,Co-Production,2024,U,1,1,2023-10-19,Thursday,15,117,142,82.4,In Progress,Yes,Never,Korean,2.4,135,84,Yes,Yes,Yes,All,Yes,Yes,Yes,Tablet,Fire TV,Dolby Vision,Surround 5.1,10,17.32,4.22,5G,Yes,Yes,Martin Scorsese,Nawazuddin Siddiqui,Thought-Provoking,9.3,56,90,30,5,60.7,129.3,Re-Activated,Very High,Very Satisfied,75,7,37.0,51,161,37,Yes,0.27,No,0,0.17,0.25,98.4,2.41,-2.14,Yes,2.09,App Store,CMP220351,No,None,Technical Issues,No,Not Applicable,4,11.2,FY2023-Q4
USR713762,PRF557058,Teen,13-17,Prefer Not to Say,South Korea,Europe,Berlin,Hindi,French,Mobile,1.8,2016-11-10,2024-06-06,UPI,2765,No,Yes,4,1,CNT528184,Squid Game,Talk Show,Horror,Portuguese,Licensed,2019,U/A 13+,1,1,2024-05-27,Monday,17,117,146,80.1,In Progress,Yes,Always,Japanese,1.3,210,88,No,No,No,None,Yes,No,Yes,Laptop,webOS,1080p,Stereo,10,20.98,5.11,3G,Yes,No,Scott Stuber,Millie Bobby Brown,Light-Hearted,5.2,67,80,155,17,4.9,16.9,Churned,High,Very Dissatisfied,93,15,25.2,49,14,13,No,0.37,Yes,5.0,1.34,0.27,14.4,2.41,-2.04,Yes,1.38,Partner Deal,CMP237377,No,None,Content Not Interesting,No,Not Applicable,2,21.3,FY2024-Q2
USR708093,PRF791998,Teen,13-17,Prefer Not to Say,India,South Asia,Karachi,Spanish,French,Basic,2.4,2022-12-17,2024-03-22,Gift Card,461,No,Yes,5,1,CNT607868,Stranger Things,Reality Show,Comedy,Korean,Licensed,2016,U/A 13+,1,1,2024-04-17,Wednesday,3,36,59,61.0,In Progress,No,Sometimes,Japanese,4.7,445,24,Yes,No,Yes,Recommendations Only,Yes,No,No,Desktop,Roku,4K HDR,Dolby Atmos,8,4.04,0.3,Fiber,Yes,No,Shonda Rhimes,Jenna Ortega,Suspenseful,6.3,85,77,107,31,147.1,525.4,New User,Very High,Very Satisfied,34,29,18.5,47,37,26,Yes,0.29,Yes,4.39,0.55,0.79,76.8,1.35,-1.06,No,0,Social Media,CMP592296,No,None,Temporary Pause,Yes,2023-10-17,2,16.6,FY2024-Q2
USR366314,PRF581894,Shared,25-34,Non-Binary,India,South Asia,Karachi,English,Japanese,Standard,6.01,2022-01-11,2024-09-06,Net Banking,969,Yes,Yes,2,2,CNT401603,Bird Box,Stand-Up,Action,Hindi,Co-Production,2021,A,1,1,2023-04-11,Tuesday,20,33,45,73.3,In Progress,Yes,Always,German,1.7,483,44,No,No,No,Recommendations Only,No,Yes,No,Tablet,iOS,720p,Surround 5.1,2,6.48,0.45,Broadband,No,No,Martin Scorsese,Millie Bobby Brown,Romantic,6.3,41,62,84,4,44.7,209.5,Binge Watcher,Low,Very Dissatisfied,75,24,29.9,4,156,47,No,1.03,Yes,1.26,0.16,0.87,270.45,2.21,-1.18,No,0,Email Campaign,CMP400096,No,None,Not Applicable,Yes,2023-08-26,1,29.3,FY2023-Q2
USR929090,PRF513741,Adult,45-54,Male,UK,Asia Pacific,Seoul,French,Portuguese,Mobile,1.8,2022-01-14,2024-11-26,Credit Card,1047,Yes,No,4,1,CNT576877,Money Heist,Anime,Thriller,Hindi,Licensed,2019,U/A 13+,3,33,2024-03-01,Friday,5,21,71,29.6,In Progress,No,Never,Japanese,4.1,55,86,Yes,No,Yes,None,No,Yes,Yes,Desktop,Fire TV,1080p,Dolby Atmos,7,24.2,1.06,3G,Yes,Yes,Shonda Rhimes,Millie Bobby Brown,Thought-Provoking,8.9,63,93,129,18,124.7,459.4,Power User,Low,Very Satisfied,-40,28,21.7,25,117,23,No,0.26,No,0,1.61,0.47,18.0,0.85,-0.59,Yes,1.69,Partner Deal,CMP878325,No,None,Too Expensive,No,Not Applicable,5,7.8,FY2024-Q1
USR251716,PRF236306,Shared,45-54,Non-Binary,Germany,Latin America,São Paulo,Spanish,English,Mobile,1.8,2022-09-28,2024-07-08,PayPal,649,Yes,No,4,1,CNT127032,Dark,Anime,Comedy,Japanese,Netflix Original,2023,U,6,48,2023-03-04,Saturday,12,29,90,32.2,In Progress,No,Always,Tamil,4.9,165,2,Yes,No,Yes,All,No,Yes,Yes,Tablet,Fire TV,1080p,Dolby Atmos,0,1.74,0.11,Broadband,Yes,No,Jenji Kohan,Lee Jung-jae,Feel Good,9.3,92,89,24,43,32.6,226.1,Re-Activated,High,Dissatisfied,64,30,1.7,31,103,27,Yes,0.28,Yes,4.04,0.41,0.83,73.8,1.02,-0.74,Yes,1.65,App Store,CMP847006,Yes,NF1046,Found Alternative,Yes,2023-12-03,3,4.0,FY2023-Q1
USR201255,PRF880758,Kids,18-24,Non-Binary,Mexico,North America,Toronto,Spanish,Portuguese,Standard,6.01,2022-01-01,2024-11-20,Credit Card,1054,No,Yes,4,2,CNT714953,Black Mirror,Stand-Up,Sci-Fi,Italian,Co-Production,2024,A,1,1,2024-03-16,Saturday,3,46,49,93.9,In Progress,No,Never,Hindi,3.6,210,45,No,Yes,No,None,No,No,Yes,Gaming Console,Tizen,720p,Dolby Atmos,7,10.27,0.98,3G,Yes,Yes,Bela Bajaria,Shefali Shah,Suspenseful,8.5,86,73,111,29,133.3,668.8,New User,High,Very Dissatisfied,-43,25,17.4,36,197,39,Yes,1.45,No,0,0.85,0.67,174.29,2.88,-1.43,No,0,Partner Deal,CMP789786,Yes,NF2527,Technical Issues,Yes,2023-04-04,5,13.2,FY2024-Q1
USR397005,PRF811163,Adult,25-34,Prefer Not to Say,Spain,Europe,Berlin,Italian,Korean,Basic,2.4,2021-05-08,2024-12-02,UPI,1304,No,Yes,1,1,CNT147623,The Crown,Movie,Comedy,Italian,Netflix Original,2018,U/A 16+,1,1,2024-01-21,Sunday,13,92,136,67.6,In Progress,Yes,Always,Korean,1.6,154,27,Yes,No,No,Recommendations Only,Yes,Yes,No,Desktop,Roku,720p,Stereo,9,1.72,0.33,3G,Yes,No,Ryan Murphy,Jason Bateman,Feel Good,6.4,60,96,153,6,132.6,374.3,Power User,Low,Dissatisfied,-81,27,12.9,28,147,25,No,0.24,No,0,1.32,0.49,81.6,1.54,-1.3,Yes,2.06,Google Search,CMP220768,No,None,Too Expensive,Yes,2023-12-20,3,1.5,FY2024-Q1
USR691912,PRF774225,Shared,35-44,Non-Binary,Mexico,Asia Pacific,Seoul,Japanese,Hindi,Mobile,1.8,2019-11-24,2024-02-24,Net Banking,1553,Yes,No,5,1,CNT171603,Mirzapur,Series,Documentary,French,Licensed,2020,U/A 16+,2,16,2023-06-22,Thursday,2,34,150,22.7,In Progress,No,Sometimes,Tamil,3.1,28,45,Yes,No,No,Recommendations Only,Yes,Yes,No,Laptop,iOS,480p,Dolby Atmos,2,6.29,0.45,Broadband,No,No,Marta Kauffman,Omar Sy,Feel Good,5.9,89,82,90,47,143.8,1004.6,Power User,Medium,Neutral,54,15,20.3,4,116,6,No,0.2,Yes,1.28,0.31,0.76,18.0,0.94,-0.74,No,0,TV Ad,CMP188425,No,None,Not Applicable,No,Not Applicable,4,31.2,FY2023-Q2
USR777406,PRF803024,Adult,35-44,Prefer Not to Say,Germany,North America,Los Angeles,Italian,Spanish,Standard,6.01,2019-03-08,2024-05-24,Credit Card,1904,No,Yes,4,2,CNT480211,The Irishman,Anime,Crime,English,Licensed,2020,U/A 7+,1,8,2023-04-07,Friday,17,41,118,34.7,In Progress,Yes,Sometimes,German,2.0,98,28,Yes,Yes,Yes,Recommendations Only,Yes,Yes,No,Gaming Console,Web,Dolby Vision,Surround 5.1,5,8.1,0.69,4G,Yes,Yes,Marta Kauffman,Pankaj Tripathi,Intense,8.8,98,98,39,22,13.1,93.5,Re-Activated,Very High,Very Satisfied,5,11,27.2,16,114,39,No,1.35,No,0,0.26,0.71,66.11,1.27,0.08,No,0,Email Campaign,CMP884897,Yes,NF9624,Too Expensive,No,Not Applicable,3,11.6,FY2023-Q2
USR492127,PRF347231,Shared,18-24,Prefer Not to Say,Germany,Europe,Berlin,Hindi,Spanish,Premium,7.82,2023-08-18,2024-05-24,Debit Card,280,No,Yes,5,4,CNT129556,Better Call Saul,Reality Show,Thriller,Korean,Licensed,2024,U,1,1,2023-05-22,Monday,8,25,33,75.8,In Progress,No,Always,Spanish,2.9,19,36,No,Yes,No,Recommendations Only,Yes,Yes,Yes,Laptop,Tizen,720p,Dolby Atmos,2,7.18,0.37,Fiber,No,Yes,Martin Scorsese,Lee Jung-jae,Thought-Provoking,6.7,99,66,183,34,127.8,501.4,New User,Low,Satisfied,7,20,31.9,30,17,7,No,2.18,Yes,4.24,0.18,0.91,453.56,1.63,0.55,No,0,Partner Deal,CMP662093,Yes,NF7495,Temporary Pause,Yes,2024-02-29,0,30.5,FY2023-Q2
USR291132,PRF950916,Shared,25-34,Female,South Korea,Middle East,Riyadh,Hindi,Korean,Basic,2.4,2021-05-26,2024-08-01,Net Banking,1163,Yes,Yes,5,1,CNT138780,Sacred Games,Series,Animation,Italian,Licensed,2023,U/A 7+,7,70,2024-07-21,Sunday,0,116,119,97.5,Completed,Yes,Always,English,2.9,161,39,No,No,No,All,Yes,No,No,Smart TV,Windows,1080p,Stereo,3,18.46,4.46,5G,No,No,Reed Hastings,Jitendra Kumar,Romantic,7.9,63,76,192,2,54.2,112.4,Binge Watcher,Medium,Dissatisfied,77,15,15.0,52,133,17,Yes,0.52,No,0,0.27,0.35,64.8,2.53,-2.01,Yes,2.16,TV Ad,CMP545120,No,None,Not Applicable,No,Not Applicable,0,21.0,FY2024-Q3
USR571778,PRF488984,Adult,25-34,Non-Binary,France,Africa,Nairobi,German,Japanese,Standard,6.01,2022-05-31,2024-05-31,Credit Card,731,No,Yes,4,2,CNT701800,Black Mirror,Reality Show,Thriller,German,Netflix Original,2020,A,1,1,2024-04-02,Tuesday,1,83,110,75.5,In Progress,No,Sometimes,Japanese,5.0,332,35,Yes,Yes,Yes,None,Yes,No,No,Gaming Console,iOS,1080p,Surround 5.1,10,4.42,0.76,Fiber,No,Yes,Marta Kauffman,Claire Foy,Funny,6.2,90,63,20,43,96.0,440.5,Casual Viewer,Low,Satisfied,-82,14,7.3,46,114,5,No,0.52,No,0,0.07,0.07,330.55,2.11,-1.59,No,0,TV Ad,CMP464301,Yes,NF3513,Not Applicable,No,Not Applicable,5,3.6,FY2024-Q2
USR158104,PRF971776,Adult,18-24,Male,Spain,Middle East,Cairo,Italian,Hindi,Standard,6.01,2020-09-14,2024-04-24,UPI,1318,Yes,Yes,2,2,CNT272655,Dark,Talk Show,Drama,Japanese,Netflix Original,2023,U/A 13+,1,1,2024-08-09,Friday,11,38,139,27.3,In Progress,Yes,Sometimes,Italian,3.4,458,36,Yes,No,Yes,None,No,Yes,No,Gaming Console,iOS,Dolby Vision,Dolby Atmos,6,20.67,1.64,4G,Yes,Yes,Marta Kauffman,Nawazuddin Siddiqui,Suspenseful,5.4,59,85,184,47,72.3,360.9,Churned,Low,Very Satisfied,-80,1,38.0,50,148,16,Yes,0.58,No,0,1.28,0.45,294.49,1.79,-1.21,Yes,5.4,Email Campaign,CMP699929,No,None,Temporary Pause,Yes,2023-05-13,3,29.9,FY2024-Q3
USR705748,PRF856157,Shared,25-34,Non-Binary,France,North America,Chicago,Korean,Japanese,Premium,7.82,2017-09-30,2024-12-16,Debit Card,2634,No,Yes,3,4,CNT622469,Panchayat,Series,Drama,Spanish,Co-Production,2022,U/A 16+,4,36,2024-04-20,Saturday,6,82,107,76.6,In Progress,No,Sometimes,German,1.6,11,11,No,No,Yes,All,No,Yes,Yes,Laptop,Fire TV,Dolby Vision,Dolby Atmos,1,8.32,1.42,Fiber,No,No,Jenji Kohan,Millie Bobby Brown,Dark,8.9,60,82,103,9,114.3,671.8,Power User,Medium,Neutral,86,11,30.7,24,12,25,Yes,1.43,No,0,0.9,0.14,70.38,1.23,0.2,No,0,Partner Deal,CMP689107,Yes,NF3616,Found Alternative,No,Not Applicable,1,17.7,FY2024-Q2
USR486251,PRF447329,Shared,45-54,Male,Brazil,Asia Pacific,Tokyo,Portuguese,Portuguese,Mobile,1.8,2016-06-11,2024-02-19,UPI,2809,No,Yes,3,1,CNT935457,Marriage Story,Anime,Animation,Japanese,Co-Production,2017,U,2,20,2024-06-05,Wednesday,12,15,148,10.1,Dropped,No,Sometimes,Tamil,1.2,295,29,Yes,No,Yes,None,No,Yes,Yes,Smart TV,iOS,720p,Stereo,2,8.54,0.27,3G,No,No,David Fincher,Jason Bateman,Light-Hearted,5.6,61,90,133,30,23.2,210.9,Power User,Very High,Very Satisfied,80,4,21.0,36,84,42,No,0.39,Yes,2.27,1.23,0.84,77.4,1.34,-0.95,No,0,Partner Deal,CMP495129,No,None,Too Expensive,No,Not Applicable,2,45.9,FY2024-Q2
USR384303,PRF689318,Shared,45-54,Non-Binary,Japan,Latin America,Lima,Spanish,English,Premium,7.82,2017-02-26,2024-05-06,Gift Card,2626,No,Yes,5,4,CNT876880,Emily in Paris,Documentary,Horror,French,Co-Production,2018,U/A 7+,1,1,2024-12-07,Saturday,22,86,145,59.3,In Progress,Yes,Always,Italian,2.9,115,81,Yes,Yes,Yes,Recommendations Only,No,No,Yes,Desktop,Web,480p,Dolby Atmos,6,20.55,3.68,4G,No,No,Reed Hastings,Henry Cavill,Light-Hearted,7.5,99,77,74,8,86.4,528.5,Binge Watcher,High,Neutral,65,1,36.4,6,167,36,Yes,2.27,Yes,1.81,0.58,0.71,218.96,2.81,-0.54,No,0,Partner Deal,CMP874568,Yes,NF4310,Temporary Pause,No,Not Applicable,5,40.9,FY2024-Q4
USR520304,PRF801765,Adult,18-24,Male,Brazil,North America,Los Angeles,Spanish,Hindi,Premium,7.82,2023-11-02,2024-09-10,Net Banking,313,Yes,No,1,4,CNT439320,Stranger Things,Stand-Up,Crime,Tamil,Netflix Original,2016,U,1,1,2023-12-10,Sunday,9,131,136,96.3,Completed,No,Sometimes,Korean,4.6,228,96,No,No,No,None,Yes,No,No,Desktop,Tizen,480p,Dolby Atmos,7,16.38,4.47,WiFi,No,No,David Fincher,Jason Bateman,Thought-Provoking,5.6,72,89,70,13,121.5,523.8,Re-Activated,Low,Neutral,-6,19,9.2,9,123,9,No,1.86,Yes,3.81,1.58,0.57,422.28,0.98,0.88,No,0,TV Ad,CMP735163,No,None,Too Expensive,No,Not Applicable,2,20.3,FY2023-Q4
USR882032,PRF328486,Adult,55+,Male,France,Middle East,Istanbul,English,French,Mobile,1.8,2020-11-22,2024-08-16,UPI,1363,No,Yes,1,1,CNT834406,You,Series,Drama,Italian,Netflix Original,2023,A,2,20,2024-07-03,Wednesday,4,25,62,40.3,In Progress,Yes,Always,German,4.4,16,36,No,Yes,Yes,None,No,No,No,Tablet,Roku,4K HDR,Stereo,7,20.31,1.06,Fiber,Yes,No,Ryan Murphy,Jenna Ortega,Romantic,7.0,83,73,184,38,73.8,674.6,Churned,Medium,Satisfied,-100,24,1.4,20,119,43,No,0.32,No,0,0.91,0.06,63.0,2.18,-1.86,No,0,Partner Deal,CMP497700,No,None,Too Expensive,Yes,2024-02-10,1,12.3,FY2024-Q3
USR683761,PRF720407,Adult,18-24,Female,Spain,Asia Pacific,Seoul,Portuguese,Portuguese,Mobile,1.8,2022-05-28,2024-08-02,Net Banking,797,Yes,Yes,2,1,CNT149161,Wednesday,Series,Crime,English,Licensed,2022,U/A 16+,5,55,2024-12-21,Saturday,1,10,82,12.2,Dropped,No,Never,Portuguese,2.6,209,19,No,No,Yes,None,No,Yes,Yes,Laptop,Web,4K HDR,Stereo,9,8.31,0.17,Broadband,No,No,Jenji Kohan,Omar Sy,Intense,6.1,53,63,36,33,149.0,520.1,Power User,Medium,Neutral,-48,10,26.0,60,116,23,Yes,0.38,No,0,0.47,0.88,86.4,1.8,-1.42,No,0,Partner Deal,CMP859782,No,None,Too Expensive,No,Not Applicable,1,2.9,FY2024-Q4
USR534037,PRF147936,Teen,13-17,Female,Mexico,Latin America,Lima,Spanish,English,Mobile,1.8,2017-02-09,2024-10-27,UPI,2817,Yes,No,2,1,CNT680189,Power,Anime,Horror,English,Co-Production,2018,A,2,22,2023-05-01,Monday,23,67,142,47.2,In Progress,No,Sometimes,Spanish,3.8,100,42,Yes,No,Yes,Recommendations Only,No,No,No,Desktop,Fire TV,4K HDR,Stereo,8,16.39,2.29,Fiber,No,Yes,David Fincher,Nawazuddin Siddiqui,Funny,8.2,65,75,142,21,116.6,552.2,Casual Viewer,Low,Very Dissatisfied,-92,26,33.9,53,172,3,Yes,0.27,No,0,1.03,0.5,21.6,2.51,-2.24,No,0,App Store,CMP244170,Yes,NF7073,Found Alternative,No,Not Applicable,5,11.5,FY2023-Q2
USR968286,PRF989053,Shared,18-24,Male,USA,South Asia,Delhi,English,English,Mobile,1.8,2021-12-05,2024-11-22,Net Banking,1083,No,Yes,4,1,CNT497687,Stranger Things,Movie,Animation,Italian,Licensed,2021,A,1,1,2023-01-13,Friday,0,75,155,48.4,In Progress,No,Always,English,3.1,359,21,Yes,No,No,None,No,Yes,Yes,Mobile,Tizen,Dolby Vision,Surround 5.1,3,5.2,0.81,5G,Yes,Yes,Martin Scorsese,Jitendra Kumar,Feel Good,6.3,72,87,46,7,137.8,820.9,Casual Viewer,High,Very Satisfied,-47,18,6.2,53,183,25,Yes,0.35,No,0,0.53,0.4,52.2,2.9,-2.55,No,0,Google Search,CMP270341,Yes,NF5914,Not Applicable,Yes,2024-12-14,4,11.9,FY2023-Q1
USR195966,PRF105447,Adult,25-34,Non-Binary,France,Africa,Accra,German,Spanish,Mobile,1.8,2020-08-13,2024-06-26,UPI,1413,Yes,Yes,4,1,CNT207197,Dark,Series,Romance,Tamil,Netflix Original,2024,U,5,45,2023-12-01,Friday,0,62,89,69.7,In Progress,Yes,Sometimes,German,3.0,285,71,No,Yes,Yes,All,No,Yes,No,Tablet,Android,1080p,Surround 5.1,1,19.42,2.51,3G,Yes,Yes,Marta Kauffman,Omar Sy,Intense,6.6,100,84,111,12,102.3,727.9,Re-Activated,Very High,Satisfied,-65,8,12.4,32,38,4,Yes,0.26,Yes,3.71,0.16,0.15,91.8,2.46,-2.2,Yes,1.59,App Store,CMP389366,No,None,Too Expensive,No,Not Applicable,3,14.7,FY2023-Q4
USR672133,PRF288667,Shared,25-34,Male,Japan,Africa,Lagos,German,Korean,Basic,2.4,2020-02-19,2024-02-24,Debit Card,1466,Yes,No,1,1,CNT559753,Mirzapur,Anime,Crime,Portuguese,Licensed,2020,U,4,32,2024-03-16,Saturday,20,39,172,22.7,In Progress,No,Never,German,2.2,71,81,No,Yes,No,None,Yes,No,No,Smart TV,Fire TV,Dolby Vision,Surround 5.1,5,7.64,0.62,Broadband,No,No,Jenji Kohan,Millie Bobby Brown,Suspenseful,7.7,84,72,123,21,27.5,134.3,Re-Activated,Low,Very Satisfied,96,7,26.5,23,43,41,Yes,0.56,No,0,1.94,0.78,62.4,1.44,-0.88,No,0,Partner Deal,CMP776364,Yes,NF4273,Temporary Pause,No,Not Applicable,5,31.2,FY2024-Q1
USR355761,PRF641058,Teen,13-17,Female,Brazil,Africa,Cape Town,Italian,Hindi,Mobile,1.8,2016-02-08,2024-05-12,UPI,3016,Yes,Yes,4,1,CNT687044,Sacred Games,Reality Show,Sci-Fi,Tamil,Licensed,2023,U/A 16+,1,1,2023-06-04,Sunday,11,20,26,76.9,In Progress,Yes,Sometimes,Spanish,1.4,95,81,No,No,Yes,None,Yes,No,No,Tablet,Android,720p,Stereo,3,13.27,0.55,5G,Yes,Yes,Jenji Kohan,Jenna Ortega,Suspenseful,6.9,45,67,187,10,52.9,233.6,Binge Watcher,Medium,Dissatisfied,-71,8,27.0,32,136,40,No,0.28,Yes,2.47,1.39,0.32,45.0,0.61,-0.33,Yes,1.02,Partner Deal,CMP507517,Yes,NF3692,Not Applicable,No,Not Applicable,4,19.1,FY2023-Q2
USR688861,PRF629990,Shared,35-44,Prefer Not to Say,Japan,North America,Toronto,Portuguese,Korean,Mobile,1.8,2022-07-15,2024-03-09,Net Banking,603,No,Yes,1,1,CNT535820,Dark,Stand-Up,Comedy,Spanish,Co-Production,2020,U/A 16+,1,1,2024-12-11,Wednesday,4,104,150,69.3,In Progress,No,Always,Hindi,2.7,289,3,Yes,No,Yes,Recommendations Only,Yes,No,Yes,Tablet,Fire TV,Dolby Vision,Dolby Atmos,10,23.3,5.05,WiFi,Yes,No,Jenji Kohan,Shefali Shah,Suspenseful,5.6,64,87,48,32,95.7,707.6,Churned,Low,Dissatisfied,39,6,39.6,7,189,41,Yes,0.21,Yes,2.7,0.28,0.31,61.2,2.05,-1.84,No,0,Google Search,CMP133796,Yes,NF4196,Technical Issues,Yes,2024-05-11,3,13.0,FY2024-Q4
USR898462,PRF984532,Teen,13-17,Prefer Not to Say,Germany,Africa,Lagos,German,Hindi,Basic,2.4,2017-05-09,2024-10-28,Gift Card,2729,No,Yes,5,1,CNT763121,Bird Box,Reality Show,Thriller,Tamil,Licensed,2017,U/A 16+,1,1,2023-07-31,Monday,6,23,35,65.7,In Progress,No,Sometimes,Hindi,2.4,324,98,Yes,No,No,None,No,No,No,Laptop,Android,480p,Dolby Atmos,8,24.64,1.18,3G,No,Yes,Jenji Kohan,Jason Bateman,Light-Hearted,6.3,74,70,83,46,44.6,284.0,Power User,Medium,Dissatisfied,-32,10,33.2,22,141,36,Yes,0.55,Yes,1.11,1.5,0.41,21.6,2.98,-2.43,Yes,1.98,Partner Deal,CMP993829,Yes,NF6277,Content Not Interesting,Yes,2023-09-13,3,37.9,FY2023-Q3
USR542828,PRF827744,Teen,13-17,Female,USA,South Asia,Mumbai,German,English,Premium,7.82,2015-03-08,2024-03-04,Debit Card,3284,Yes,No,4,4,CNT501677,Stranger Things,Reality Show,Action,Spanish,Netflix Original,2019,U,1,1,2023-06-12,Monday,8,28,43,65.1,In Progress,Yes,Sometimes,Japanese,2.0,451,38,Yes,No,Yes,None,Yes,Yes,Yes,Gaming Console,Web,4K HDR,Surround 5.1,3,11.02,0.64,Fiber,Yes,Yes,Scott Stuber,Lily Collins,Funny,6.7,97,70,14,26,94.2,722.6,Casual Viewer,Low,Very Satisfied,-65,24,5.4,47,99,22,No,0.78,Yes,0.5,0.95,0.13,156.4,1.8,-1.02,No,0,Google Search,CMP929504,No,None,Too Expensive,Yes,2023-01-09,1,12.3,FY2023-Q2
USR400404,PRF759104,Shared,45-54,Prefer Not to Say,UK,South Asia,Mumbai,Portuguese,Korean,Mobile,1.8,2022-05-20,2024-06-03,Net Banking,745,Yes,Yes,4,1,CNT186431,Emily in Paris,Movie,Action,German,Co-Production,2021,A,1,1,2023-04-26,Wednesday,7,23,147,15.6,Dropped,Yes,Sometimes,Hindi,3.1,158,10,Yes,Yes,No,Recommendations Only,Yes,No,No,Desktop,Tizen,480p,Stereo,5,13.89,0.67,WiFi,No,Yes,Reed Hastings,Lily Collins,Feel Good,9.4,63,80,34,25,129.3,818.6,Binge Watcher,Medium,Very Satisfied,-97,22,5.9,1,42,31,No,0.21,No,0,1.91,0.77,12.6,1.97,-1.76,Yes,1.21,Partner Deal,CMP642347,No,None,Temporary Pause,Yes,2023-03-03,5,12.8,FY2023-Q2
USR536476,PRF855276,Adult,55+,Non-Binary,Spain,Asia Pacific,Seoul,French,Japanese,Standard,6.01,2019-10-25,2024-05-19,Credit Card,1668,Yes,No,5,2,CNT699298,Bird Box,Series,Sci-Fi,German,Licensed,2023,U,3,18,2024-05-26,Sunday,18,28,62,45.2,In Progress,Yes,Always,Korean,1.6,411,66,Yes,No,Yes,Recommendations Only,No,No,No,Smart TV,Fire TV,480p,Surround 5.1,0,1.58,0.09,4G,No,No,Marta Kauffman,Lee Jung-jae,Funny,8.5,97,96,173,47,18.2,141.9,Binge Watcher,Very High,Satisfied,87,28,22.1,51,63,9,Yes,1.62,Yes,0.71,0.73,0.92,102.17,2.83,-1.21,Yes,3.77,App Store,CMP125071,Yes,NF6272,Content Not Interesting,No,Not Applicable,1,26.2,FY2024-Q2
USR834764,PRF972310,Teen,13-17,Non-Binary,Japan,South Asia,Mumbai,Japanese,French,Premium,7.82,2023-04-12,2024-06-06,UPI,421,Yes,Yes,5,4,CNT344959,Dark,Reality Show,Sci-Fi,English,Netflix Original,2017,U/A 7+,1,1,2024-12-29,Sunday,8,7,43,16.3,Dropped,Yes,Never,Hindi,4.7,79,13,Yes,No,No,Recommendations Only,No,Yes,No,Mobile,Fire TV,1080p,Surround 5.1,9,2.84,0.04,5G,Yes,Yes,David Fincher,Pankaj Tripathi,Thought-Provoking,9.0,73,86,180,24,69.3,544.5,Re-Activated,Low,Satisfied,-17,4,4.1,16,92,25,Yes,0.86,No,0,0.15,0.57,258.06,2.16,-1.3,Yes,2.61,TV Ad,CMP413357,No,None,Technical Issues,No,Not Applicable,2,39.5,FY2024-Q4
USR296242,PRF388339,Adult,35-44,Non-Binary,Brazil,Europe,London,German,Hindi,Mobile,1.8,2020-03-07,2024-02-22,Credit Card,1447,Yes,Yes,1,1,CNT743937,Money Heist,Documentary,Thriller,Korean,Co-Production,2021,A,1,1,2024-01-17,Wednesday,21,21,41,51.2,In Progress,Yes,Never,French,4.7,255,52,No,Yes,Yes,Recommendations Only,No,Yes,No,Mobile,Tizen,Dolby Vision,Stereo,5,3.5,0.15,3G,No,No,Jenji Kohan,Pankaj Tripathi,Funny,5.3,44,72,166,29,121.6,277.5,Binge Watcher,High,Dissatisfied,-31,5,1.5,39,57,1,No,0.52,Yes,1.26,1.15,0.82,55.8,1.74,-1.22,No,0,Social Media,CMP947935,Yes,NF6799,Content Not Interesting,No,Not Applicable,3,25.6,FY2024-Q1
USR286080,PRF941403,Adult,18-24,Non-Binary,UK,Africa,Addis Ababa,English,English,Standard,6.01,2020-12-25,2024-01-29,Debit Card,1130,Yes,No,3,2,CNT715104,You,Mini-Series,Thriller,Korean,Co-Production,2024,U/A 7+,3,36,2024-12-15,Sunday,11,12,171,7.0,Dropped,Yes,Never,Japanese,3.8,491,9,No,No,Yes,Recommendations Only,No,No,Yes,Mobile,Roku,4K HDR,Dolby Atmos,7,13.78,0.34,5G,Yes,No,Alfonso Cuarón,Henry Cavill,Intense,6.6,76,96,37,37,142.3,1225.5,Power User,High,Neutral,-68,5,29.3,45,147,25,Yes,0.71,Yes,0.91,0.47,0.22,234.39,1.69,-0.98,No,0,Word of Mouth,CMP731650,No,None,Not Applicable,Yes,2023-05-14,2,44.2,FY2024-Q4
USR434198,PRF373812,Teen,13-17,Male,Mexico,Middle East,Riyadh,Hindi,Spanish,Premium,7.82,2016-07-30,2024-06-18,Debit Card,2880,Yes,Yes,3,4,CNT493696,The Witcher,Mini-Series,Comedy,Japanese,Netflix Original,2022,U,1,8,2023-08-03,Thursday,7,27,37,73.0,In Progress,Yes,Sometimes,Tamil,2.0,314,61,Yes,No,Yes,None,No,Yes,Yes,Smart TV,Windows,720p,Stereo,6,12.58,0.71,3G,No,No,Martin Scorsese,Lee Jung-jae,Dark,5.5,40,63,99,29,110.2,1073.1,New User,Very High,Very Dissatisfied,40,26,19.9,4,93,0,No,1.28,No,0,0.2,0.48,328.44,2.13,-0.85,Yes,2.11,Social Media,CMP408857,No,None,Too Expensive,Yes,2023-02-04,5,30.2,FY2023-Q3
USR538967,PRF661527,Teen,13-17,Prefer Not to Say,India,Latin America,Mexico City,Tamil,Hindi,Basic,2.4,2016-11-30,2024-11-22,Net Banking,2914,No,Yes,1,1,CNT413369,Breaking Bad,Series,Horror,Portuguese,Netflix Original,2022,U/A 16+,4,44,2023-09-29,Friday,2,104,159,65.4,In Progress,Yes,Never,Tamil,1.7,461,66,Yes,Yes,No,All,Yes,Yes,Yes,Mobile,Android,4K HDR,Stereo,3,21.01,4.55,Fiber,No,Yes,David Fincher,Shefali Shah,Thought-Provoking,9.0,63,71,115,3,40.2,219.2,Binge Watcher,Low,Very Satisfied,-1,17,16.2,21,71,33,No,0.49,Yes,3.89,1.33,0.09,67.2,2.52,-2.03,No,0,Email Campaign,CMP112964,Yes,NF7342,Temporary Pause,Yes,2024-07-20,5,30.1,FY2023-Q3
USR999924,PRF830000,Adult,35-44,Male,India,Middle East,Istanbul,Korean,Hindi,Mobile,1.8,2021-04-23,2024-02-21,UPI,1034,No,Yes,5,1,CNT879850,Cobra Kai,Anime,Documentary,French,Licensed,2021,U/A 13+,6,54,2024-08-08,Thursday,19,14,141,9.9,Dropped,No,Never,Portuguese,1.7,309,82,Yes,Yes,No,All,No,No,No,Smart TV,Web,480p,Surround 5.1,5,17.42,0.51,Fiber,No,Yes,Jenji Kohan,Jitendra Kumar,Feel Good,6.8,79,98,175,45,60.9,296.2,Casual Viewer,Medium,Satisfied,-86,7,1.8,4,93,45,Yes,0.16,No,0,1.84,0.9,12.6,1.34,-1.18,No,0,Google Search,CMP486244,No,None,Technical Issues,No,Not Applicable,3,24.5,FY2024-Q3
USR494763,PRF992952,Shared,18-24,Non-Binary,USA,South Asia,Mumbai,German,Spanish,Basic,2.4,2020-04-27,2024-10-27,Debit Card,1644,No,Yes,3,1,CNT589368,Bridgerton,Stand-Up,Comedy,French,Licensed,2015,A,1,1,2024-01-31,Wednesday,1,59,61,96.7,Completed,No,Never,Hindi,3.3,3,65,No,No,No,None,Yes,No,Yes,Laptop,webOS,1080p,Surround 5.1,6,13.08,1.61,5G,No,Yes,David Fincher,Omar Sy,Light-Hearted,9.3,94,74,166,15,102.0,386.3,New User,Very High,Neutral,74,4,29.0,42,128,18,No,0.65,Yes,2.63,0.26,0.17,136.8,0.52,0.13,No,0,App Store,CMP524252,No,None,Technical Issues,No,Not Applicable,3,35.5,FY2024-Q1
USR412848,PRF533174,Adult,25-34,Male,UK,Middle East,Doha,Spanish,Hindi,Premium,7.82,2022-07-14,2024-07-02,Debit Card,719,No,Yes,2,4,CNT459315,Roma,Mini-Series,Horror,Hindi,Licensed,2022,A,2,22,2023-09-22,Friday,23,51,163,31.3,In Progress,No,Always,Japanese,4.8,441,91,Yes,Yes,No,Recommendations Only,Yes,No,Yes,Smart TV,Fire TV,1080p,Stereo,6,19.81,2.1,4G,Yes,No,Ryan Murphy,Jenna Ortega,Romantic,9.0,81,65,57,23,34.3,305.5,Re-Activated,Very High,Dissatisfied,9,30,19.4,1,10,34,Yes,1.2,No,0,1.17,0.46,101.66,1.68,-0.48,Yes,4.22,TV Ad,CMP491225,Yes,NF7253,Temporary Pause,Yes,2024-05-27,0,42.9,FY2023-Q3
USR782141,PRF930605,Teen,13-17,Male,UK,Africa,Addis Ababa,Portuguese,Korean,Mobile,1.8,2022-01-10,2024-05-07,UPI,848,Yes,No,3,1,CNT908713,The Crown,Series,Documentary,Italian,Co-Production,2024,A,3,21,2023-03-08,Wednesday,1,42,96,43.8,In Progress,Yes,Never,English,2.8,338,13,Yes,Yes,Yes,Recommendations Only,No,No,Yes,Gaming Console,webOS,4K HDR,Dolby Atmos,7,9.3,0.81,4G,Yes,Yes,Martin Scorsese,Jason Bateman,Dark,7.3,73,81,112,44,149.3,658.9,Re-Activated,High,Very Dissatisfied,55,22,5.9,54,27,32,Yes,0.22,No,0,0.04,0.22,25.2,1.03,-0.81,Yes,1.47,Google Search,CMP219550,No,None,Not Applicable,Yes,2023-05-07,0,24.1,FY2023-Q1
USR874415,PRF221531,Shared,45-54,Male,Spain,Middle East,Riyadh,English,English,Premium,7.82,2018-04-24,2024-03-23,Debit Card,2160,Yes,No,2,4,CNT795578,Red Notice,Talk Show,Romance,Korean,Co-Production,2015,U/A 7+,1,1,2023-01-14,Saturday,21,12,42,28.6,In Progress,No,Sometimes,German,4.3,489,79,No,Yes,No,Recommendations Only,Yes,Yes,No,Tablet,Fire TV,1080p,Surround 5.1,4,16.29,0.41,Fiber,No,No,David Fincher,Álvaro Morte,Intense,8.0,49,65,200,33,12.2,93.3,Re-Activated,Low,Satisfied,-74,13,36.5,31,146,43,No,1.41,No,0,0.53,0.05,453.56,0.94,0.47,Yes,6.81,Word of Mouth,CMP741018,No,None,Technical Issues,No,Not Applicable,3,37.5,FY2023-Q1
USR446968,PRF391668,Adult,35-44,Male,South Korea,Middle East,Dubai,Italian,Hindi,Premium,7.82,2019-12-11,2024-01-24,Gift Card,1505,Yes,No,3,4,CNT774567,Stranger Things,Documentary,Romance,Italian,Licensed,2023,U/A 16+,1,1,2024-12-05,Thursday,22,29,178,16.3,Dropped,Yes,Always,German,2.7,227,73,No,Yes,No,Recommendations Only,No,Yes,No,Desktop,Android,480p,Surround 5.1,8,22.36,1.35,3G,Yes,Yes,Ryan Murphy,Pankaj Tripathi,Thought-Provoking,8.3,70,82,170,44,96.6,267.0,Churned,Medium,Dissatisfied,-13,11,33.1,53,58,29,No,1.68,Yes,3.4,0.31,0.85,469.2,1.74,-0.06,Yes,1.51,Partner Deal,CMP904694,No,None,Content Not Interesting,No,Not Applicable,4,29.0,FY2024-Q4
USR717942,PRF628689,Teen,13-17,Female,Germany,South Asia,Bangalore,German,English,Mobile,1.8,2023-07-08,2024-12-03,Gift Card,514,Yes,Yes,3,1,CNT871976,Sacred Games,Stand-Up,Animation,Italian,Netflix Original,2020,A,1,1,2024-12-19,Thursday,3,10,31,32.3,In Progress,No,Never,German,3.0,473,65,Yes,Yes,Yes,All,No,No,No,Tablet,Tizen,1080p,Surround 5.1,6,5.78,0.12,5G,No,No,David Fincher,Jenna Ortega,Romantic,8.7,87,86,28,17,92.0,284.7,Churned,High,Very Dissatisfied,-20,22,29.6,36,162,13,Yes,0.47,Yes,3.73,0.22,0.41,82.8,2.59,-2.12,Yes,1.62,Word of Mouth,CMP754487,No,None,Not Applicable,No,Not Applicable,5,14.3,FY2024-Q4
USR635740,PRF922405,Shared,45-54,Non-Binary,South Korea,Asia Pacific,Seoul,English,French,Mobile,1.8,2023-07-14,2024-06-29,Net Banking,351,No,Yes,5,1,CNT536801,Mindhunter,Reality Show,Animation,French,Co-Production,2021,U/A 13+,1,1,2023-01-14,Saturday,16,6,47,12.8,Dropped,Yes,Always,French,2.5,103,79,No,Yes,No,None,Yes,Yes,No,Tablet,Web,480p,Stereo,10,6.64,0.08,4G,Yes,No,Shonda Rhimes,Jason Bateman,Thought-Provoking,5.2,43,72,69,49,118.0,1163.5,Churned,High,Satisfied,-59,18,33.9,1,85,29,Yes,0.48,No,0,0.41,0.54,50.4,2.54,-2.06,Yes,1.49,Social Media,CMP261169,No,None,Content Not Interesting,Yes,2024-10-24,2,28.9,FY2023-Q1
USR504620,PRF369054,Shared,35-44,Non-Binary,Spain,Africa,Addis Ababa,English,Portuguese,Mobile,1.8,2023-10-17,2024-12-28,UPI,438,No,Yes,5,1,CNT639292,Dark,Mini-Series,Animation,Hindi,Co-Production,2023,U/A 16+,2,18,2024-07-10,Wednesday,17,16,123,13.0,Dropped,No,Always,French,2.4,459,83,Yes,No,Yes,All,Yes,Yes,Yes,Mobile,Tizen,4K HDR,Stereo,9,13.5,0.45,4G,No,Yes,David Fincher,Millie Bobby Brown,Funny,9.0,82,81,85,24,44.7,428.1,Re-Activated,High,Very Satisfied,-78,2,2.6,51,65,35,Yes,0.54,Yes,1.02,0.69,0.24,84.6,2.03,-1.49,Yes,1.77,Partner Deal,CMP961530,No,None,Too Expensive,No,Not Applicable,1,43.8,FY2024-Q3
USR105274,PRF700538,Shared,55+,Prefer Not to Say,Germany,Latin America,Bogotá,Italian,Portuguese,Mobile,1.8,2019-05-15,2024-12-10,Credit Card,2036,Yes,Yes,5,1,CNT419491,Wednesday,Movie,Comedy,Japanese,Netflix Original,2023,U/A 13+,1,1,2023-04-19,Wednesday,9,82,97,84.5,In Progress,Yes,Sometimes,Italian,1.3,72,20,Yes,Yes,No,All,Yes,Yes,Yes,Gaming Console,Fire TV,Dolby Vision,Stereo,3,3.84,0.66,5G,Yes,No,Ryan Murphy,Lee Jung-jae,Funny,8.4,68,84,102,43,5.6,15.8,Binge Watcher,High,Satisfied,71,20,9.8,19,159,4,Yes,0.3,No,0,1.92,0.14,88.2,2.72,-2.42,No,0,Google Search,CMP609462,Yes,NF3019,Too Expensive,Yes,2024-07-20,3,16.1,FY2023-Q2
USR373276,PRF669868,Shared,18-24,Prefer Not to Say,Mexico,South Asia,Bangalore,Spanish,Spanish,Standard,6.01,2019-10-21,2024-03-27,Net Banking,1619,Yes,No,2,2,CNT334153,Marriage Story,Documentary,Documentary,French,Co-Production,2020,U/A 13+,1,1,2023-05-18,Thursday,21,66,104,63.5,In Progress,Yes,Sometimes,Italian,2.9,261,11,No,No,Yes,None,Yes,Yes,Yes,Tablet,Web,720p,Dolby Atmos,4,21.54,2.96,Broadband,Yes,No,Bela Bajaria,Millie Bobby Brown,Light-Hearted,6.6,59,91,142,7,27.2,181.1,Power User,Medium,Very Satisfied,-33,11,9.7,43,53,33,No,0.67,Yes,1.68,1.77,0.08,60.1,2.73,-2.06,Yes,5.07,App Store,CMP592489,Yes,NF1600,Temporary Pause,No,Not Applicable,3,42.4,FY2023-Q2
USR320939,PRF719489,Shared,55+,Female,India,North America,Toronto,Portuguese,English,Standard,6.01,2021-06-28,2024-10-05,Debit Card,1195,Yes,No,4,2,CNT145240,Sacred Games,Series,Animation,French,Netflix Original,2021,A,2,20,2024-02-20,Tuesday,11,67,108,62.0,In Progress,Yes,Always,Italian,4.2,20,73,Yes,Yes,Yes,Recommendations Only,Yes,No,Yes,Desktop,webOS,480p,Stereo,10,7.38,1.03,3G,No,No,David Fincher,Lee Jung-jae,Romantic,9.0,40,92,36,29,25.7,55.4,Churned,Medium,Very Dissatisfied,96,5,25.1,33,68,10,No,0.68,Yes,2.13,1.43,0.12,120.2,1.54,-0.86,No,0,App Store,CMP725510,No,None,Technical Issues,Yes,2024-05-08,4,3.8,FY2024-Q1
USR903061,PRF343807,Teen,13-17,Male,South Korea,Latin America,Bogotá,French,Portuguese,Mobile,1.8,2017-04-08,2024-09-24,Gift Card,2726,No,Yes,2,1,CNT528497,Black Mirror,Series,Thriller,German,Licensed,2024,U/A 7+,5,30,2024-06-28,Friday,16,10,50,20.0,In Progress,Yes,Never,English,2.9,295,66,Yes,Yes,No,None,Yes,No,No,Laptop,iOS,720p,Surround 5.1,6,9.57,0.2,Fiber,No,No,Jenji Kohan,Jason Bateman,Suspenseful,5.6,78,94,1,50,102.1,527.6,Churned,High,Dissatisfied,93,6,16.8,51,143,30,Yes,0.16,No,0,0.46,0.8,100.8,2.42,-2.26,No,0,Google Search,CMP686252,Yes,NF5170,Technical Issues,Yes,2024-03-11,4,23.5,FY2024-Q2
USR111230,PRF311505,Adult,55+,Non-Binary,Japan,Asia Pacific,Melbourne,Korean,English,Mobile,1.8,2023-05-22,2024-04-27,Gift Card,341,No,Yes,2,1,CNT635348,Squid Game,Documentary,Animation,Portuguese,Co-Production,2020,U/A 7+,1,1,2024-07-17,Wednesday,19,10,33,30.3,In Progress,Yes,Never,English,2.6,184,30,Yes,Yes,Yes,Recommendations Only,No,No,No,Tablet,Tizen,Dolby Vision,Stereo,1,6.95,0.14,Fiber,Yes,Yes,Jenji Kohan,Claire Foy,Suspenseful,7.9,91,65,38,31,139.0,722.9,Binge Watcher,High,Satisfied,55,30,8.2,60,104,36,Yes,0.29,Yes,3.76,1.86,0.4,84.6,1.8,-1.51,Yes,1.76,Google Search,CMP283537,No,None,Technical Issues,Yes,2024-10-17,3,24.5,FY2024-Q3
USR470711,PRF329183,Adult,25-34,Non-Binary,France,Middle East,Dubai,Spanish,Korean,Standard,6.01,2021-01-12,2024-10-21,PayPal,1378,No,Yes,4,2,CNT299405,Mirzapur,Talk Show,Action,Japanese,Licensed,2022,U/A 7+,1,1,2024-11-28,Thursday,14,12,170,7.1,Dropped,Yes,Never,Korean,2.9,446,33,Yes,Yes,Yes,All,No,Yes,Yes,Smart TV,iOS,4K HDR,Dolby Atmos,6,23.91,0.6,WiFi,Yes,No,Bela Bajaria,Lily Collins,Suspenseful,6.2,64,100,57,44,105.5,875.8,Power User,High,Dissatisfied,-54,24,36.7,18,102,14,Yes,1.16,Yes,3.65,0.53,0.29,186.31,2.18,-1.02,No,0,Social Media,CMP651273,Yes,NF8807,Found Alternative,Yes,2024-07-21,3,23.2,FY2024-Q4
USR855829,PRF383062,Adult,25-34,Female,France,Middle East,Dubai,Italian,French,Premium,7.82,2016-05-08,2024-12-23,Net Banking,3151,No,Yes,3,4,CNT305587,Red Notice,Movie,Drama,Korean,Netflix Original,2021,U/A 7+,1,1,2024-08-17,Saturday,3,51,103,49.5,In Progress,No,Always,Spanish,3.5,215,63,Yes,No,No,Recommendations Only,No,Yes,No,Smart TV,Web,480p,Stereo,5,5.01,0.53,5G,No,Yes,Reed Hastings,Nawazuddin Siddiqui,Suspenseful,6.2,75,76,61,18,71.2,477.8,Binge Watcher,High,Neutral,43,17,37.3,17,89,1,No,1.35,No,0,1.4,0.37,469.2,1.5,-0.15,No,0,Social Media,CMP468145,Yes,NF4744,Too Expensive,Yes,2024-08-08,5,46.2,FY2024-Q3
USR231113,PRF863124,Adult,55+,Female,Mexico,Europe,Rome,French,Korean,Standard,6.01,2018-12-25,2024-06-15,PayPal,1999,No,Yes,4,2,CNT886159,Cobra Kai,Series,Documentary,Tamil,Netflix Original,2019,U/A 7+,4,44,2023-05-29,Monday,5,58,106,54.7,In Progress,Yes,Sometimes,Hindi,3.5,48,8,No,Yes,Yes,Recommendations Only,Yes,Yes,No,Gaming Console,Web,480p,Dolby Atmos,10,7.64,0.92,3G,No,Yes,Alfonso Cuarón,Nawazuddin Siddiqui,Thought-Provoking,7.6,94,64,21,11,52.2,217.4,Power User,Medium,Satisfied,34,26,7.2,3,170,22,No,0.83,No,0,0.54,0.44,174.29,2.37,-1.54,No,0,Email Campaign,CMP599284,Yes,NF4012,Too Expensive,No,Not Applicable,3,46.8,FY2023-Q2
USR531736,PRF687783,Adult,35-44,Prefer Not to Say,France,Middle East,Cairo,Portuguese,Hindi,Premium,7.82,2022-01-28,2024-11-21,Debit Card,1028,No,Yes,5,4,CNT849666,Bird Box,Stand-Up,Romance,German,Co-Production,2023,U/A 16+,1,1,2023-08-21,Monday,2,83,133,62.4,In Progress,No,Always,French,2.5,40,54,Yes,No,No,None,No,No,Yes,Smart TV,Web,720p,Surround 5.1,5,7.53,1.3,WiFi,No,No,Martin Scorsese,Nawazuddin Siddiqui,Funny,6.2,59,60,1,34,122.5,1066.7,Casual Viewer,High,Very Satisfied,-62,1,38.8,2,48,6,No,1.55,No,0,1.89,0.48,46.92,2.41,-0.86,No,0,Google Search,CMP231113,No,None,Content Not Interesting,Yes,2023-01-08,5,21.3,FY2023-Q3
USR759726,PRF863611,Kids,18-24,Male,India,North America,Los Angeles,Italian,Portuguese,Basic,2.4,2018-11-01,2024-08-03,Credit Card,2102,No,Yes,4,1,CNT365617,Sacred Games,Talk Show,Drama,Japanese,Licensed,2016,U/A 13+,1,1,2023-05-30,Tuesday,1,55,88,62.5,In Progress,Yes,Sometimes,English,1.3,442,85,Yes,Yes,Yes,None,No,No,Yes,Mobile,webOS,Dolby Vision,Stereo,3,9.93,1.14,3G,Yes,Yes,Shonda Rhimes,Lily Collins,Funny,7.1,52,76,98,1,19.2,154.2,Re-Activated,Medium,Neutral,97,2,10.3,32,24,43,No,0.71,Yes,3.82,0.07,0.46,132.0,0.73,-0.02,Yes,1.66,Email Campaign,CMP755498,No,None,Content Not Interesting,No,Not Applicable,0,3.3,FY2023-Q2
USR100754,PRF913608,Teen,13-17,Prefer Not to Say,France,South Asia,Delhi,Spanish,English,Basic,2.4,2020-06-21,2024-04-29,Gift Card,1408,No,Yes,5,1,CNT998450,Marriage Story,Anime,Sci-Fi,Korean,Licensed,2015,A,6,54,2024-01-02,Tuesday,23,21,54,38.9,In Progress,Yes,Sometimes,Hindi,4.6,337,68,No,Yes,No,None,Yes,No,No,Tablet,Windows,480p,Stereo,2,13.82,0.6,Broadband,Yes,Yes,David Fincher,Jenna Ortega,Feel Good,7.2,68,95,76,35,104.9,326.6,Casual Viewer,Low,Dissatisfied,-51,3,1.8,42,100,42,No,0.36,No,0,0.55,0.83,98.4,0.9,-0.54,Yes,1.63,Partner Deal,CMP754280,No,None,Technical Issues,No,Not Applicable,5,28.5,FY2024-Q1
USR797557,PRF547820,Adult,45-54,Male,UK,North America,Toronto,Spanish,Japanese,Basic,2.4,2022-05-09,2024-09-08,Debit Card,853,Yes,No,1,1,CNT676680,Sacred Games,Reality Show,Romance,English,Licensed,2024,A,1,1,2023-09-30,Saturday,16,28,30,93.3,In Progress,No,Never,Spanish,1.3,273,76,No,No,No,None,No,No,No,Desktop,Roku,1080p,Dolby Atmos,6,5.14,0.3,4G,Yes,No,Jenji Kohan,Jitendra Kumar,Thought-Provoking,6.4,100,73,133,7,16.1,55.8,Binge Watcher,Very High,Dissatisfied,1,0,29.2,19,153,1,Yes,0.47,Yes,3.07,1.9,0.56,98.4,1.54,-1.07,Yes,2.07,Google Search,CMP106887,No,None,Not Applicable,No,Not Applicable,2,47.3,FY2023-Q3
USR536754,PRF226395,Adult,55+,Female,USA,Europe,Berlin,Tamil,English,Mobile,1.8,2015-06-04,2024-08-23,PayPal,3368,No,Yes,2,1,CNT915182,The Crown,Stand-Up,Romance,Tamil,Co-Production,2018,U/A 16+,1,1,2023-08-27,Sunday,8,16,96,16.7,Dropped,Yes,Sometimes,Italian,3.3,21,40,Yes,No,Yes,All,Yes,No,No,Gaming Console,iOS,720p,Surround 5.1,9,20.58,0.69,5G,No,Yes,David Fincher,Phoebe Dynevor,Dark,7.6,53,64,186,21,119.1,353.7,Power User,Low,Very Dissatisfied,2,8,3.9,33,112,49,Yes,0.18,No,0,0.07,0.81,54.0,0.7,-0.52,Yes,1.74,Email Campaign,CMP241422,No,None,Technical Issues,No,Not Applicable,3,27.1,FY2023-Q3
USR594078,PRF123853,Adult,18-24,Non-Binary,Mexico,Latin America,Bogotá,Korean,Korean,Basic,2.4,2015-10-21,2024-05-16,Gift Card,3130,No,Yes,3,1,CNT322167,Extraction,Series,Comedy,Portuguese,Netflix Original,2021,A,3,24,2023-07-15,Saturday,10,81,108,75.0,In Progress,No,Never,German,3.6,318,93,Yes,Yes,No,None,Yes,No,Yes,Smart TV,webOS,720p,Dolby Atmos,3,5.39,0.91,Broadband,No,Yes,Reed Hastings,Henry Cavill,Feel Good,8.5,50,82,158,29,93.9,492.4,New User,Very High,Neutral,69,27,36.6,24,28,1,No,0.39,Yes,1.01,0.11,0.95,36.0,2.67,-2.28,No,0,Email Campaign,CMP780956,Yes,NF5999,Technical Issues,Yes,2023-12-18,3,11.5,FY2023-Q3
USR788842,PRF243928,Adult,25-34,Male,India,Latin America,Lima,Portuguese,Portuguese,Basic,2.4,2017-03-25,2024-09-13,PayPal,2729,No,Yes,5,1,CNT742198,You,Movie,Drama,Korean,Co-Production,2023,U/A 7+,1,1,2023-11-09,Thursday,10,105,145,72.4,In Progress,No,Always,Tamil,4.0,78,54,No,No,No,None,Yes,Yes,Yes,Gaming Console,Tizen,720p,Surround 5.1,8,7.26,1.59,Fiber,Yes,No,David Fincher,Henry Cavill,Intense,5.1,83,82,91,41,46.0,458.4,Binge Watcher,Low,Very Dissatisfied,36,30,28.9,12,82,9,Yes,0.22,No,0,1.76,0.89,139.2,2.98,-2.76,No,0,Email Campaign,CMP434168,No,None,Technical Issues,Yes,2023-06-05,3,46.2,FY2023-Q4
USR747033,PRF613742,Adult,18-24,Non-Binary,Spain,Asia Pacific,Singapore,German,Hindi,Basic,2.4,2017-01-26,2024-01-14,Net Banking,2544,No,Yes,5,1,CNT524533,Mindhunter,Documentary,Crime,Korean,Netflix Original,2018,A,1,1,2024-12-04,Wednesday,0,15,111,13.5,Dropped,No,Never,Japanese,3.8,201,78,Yes,Yes,No,Recommendations Only,Yes,Yes,No,Desktop,Android,Dolby Vision,Surround 5.1,6,12.54,0.39,Broadband,Yes,Yes,Martin Scorsese,Louis Hofmann,Romantic,7.1,72,98,121,46,97.8,299.6,Binge Watcher,High,Dissatisfied,-58,13,12.1,59,14,44,Yes,0.26,Yes,1.52,0.82,0.97,55.2,2.88,-2.62,Yes,2.04,App Store,CMP970206,Yes,NF3901,Technical Issues,Yes,2023-07-29,5,22.0,FY2024-Q4
USR424553,PRF865630,Adult,18-24,Prefer Not to Say,India,South Asia,Dhaka,French,Korean,Premium,7.82,2019-08-21,2024-06-14,Debit Card,1759,No,Yes,1,4,CNT223264,Bridgerton,Talk Show,Crime,Korean,Netflix Original,2022,U/A 7+,1,1,2023-04-03,Monday,8,93,102,91.2,In Progress,Yes,Never,French,3.6,6,58,No,No,Yes,None,No,Yes,Yes,Gaming Console,Fire TV,4K HDR,Surround 5.1,1,13.33,2.58,3G,Yes,Yes,Alfonso Cuarón,Jitendra Kumar,Thought-Provoking,8.2,50,67,24,8,106.2,731.7,Churned,Medium,Very Satisfied,-53,4,2.7,23,10,9,Yes,1.29,Yes,2.2,0.76,0.77,211.14,1.91,-0.62,Yes,2.11,TV Ad,CMP706174,Yes,NF7874,Found Alternative,Yes,2023-07-03,4,14.7,FY2023-Q2
USR650912,PRF703080,Adult,35-44,Non-Binary,India,North America,New York,Spanish,Portuguese,Standard,6.01,2021-11-08,2024-12-04,Gift Card,1122,Yes,No,5,2,CNT620509,Sacred Games,Movie,Comedy,French,Co-Production,2020,U/A 16+,1,1,2024-01-13,Saturday,12,32,37,86.5,In Progress,No,Always,Tamil,4.4,119,90,No,Yes,Yes,All,Yes,No,Yes,Desktop,Tizen,Dolby Vision,Surround 5.1,6,13.35,0.89,3G,Yes,No,Bela Bajaria,Omar Sy,Light-Hearted,5.3,70,68,32,45,129.1,554.9,New User,Medium,Neutral,-35,25,3.2,20,130,35,No,1.4,Yes,0.99,1.46,0.63,66.11,1.71,-0.31,No,0,Email Campaign,CMP106429,No,None,Found Alternative,No,Not Applicable,0,33.1,FY2024-Q1
USR660226,PRF983326,Adult,45-54,Female,Mexico,Asia Pacific,Singapore,Tamil,Portuguese,Basic,2.4,2018-09-15,2024-06-22,Net Banking,2107,No,Yes,4,1,CNT296481,Marriage Story,Movie,Thriller,German,Co-Production,2017,U,1,1,2024-10-04,Friday,14,90,157,57.3,In Progress,No,Never,Japanese,2.8,363,4,No,No,Yes,Recommendations Only,Yes,No,No,Laptop,Tizen,Dolby Vision,Surround 5.1,8,13.63,2.56,4G,Yes,No,Shonda Rhimes,Pankaj Tripathi,Light-Hearted,8.7,99,63,134,20,85.2,619.0,New User,Very High,Very Dissatisfied,-94,25,19.6,33,40,12,No,0.3,No,0,1.6,0.89,67.2,0.67,-0.37,Yes,1.39,App Store,CMP868020,No,None,Not Applicable,Yes,2023-12-14,4,15.2,FY2024-Q4
USR467335,PRF676051,Adult,45-54,Non-Binary,India,Asia Pacific,Seoul,French,Hindi,Basic,2.4,2023-02-15,2024-01-19,PayPal,338,No,Yes,4,1,CNT943058,Red Notice,Series,Drama,French,Licensed,2015,A,6,72,2024-08-31,Saturday,2,64,105,61.0,In Progress,Yes,Always,Hindi,4.6,159,78,No,No,Yes,All,Yes,No,Yes,Smart TV,Roku,480p,Stereo,3,8.36,1.11,3G,No,Yes,Marta Kauffman,Jitendra Kumar,Funny,5.5,89,79,6,37,114.0,790.0,Churned,High,Neutral,-15,26,8.3,49,172,34,Yes,0.29,No,0,1.06,0.77,115.2,0.79,-0.5,Yes,1.22,Email Campaign,CMP901561,Yes,NF4384,Temporary Pause,Yes,2023-01-16,3,27.5,FY2024-Q3
USR457264,PRF318353,Shared,35-44,Prefer Not to Say,India,North America,Chicago,Portuguese,Portuguese,Premium,7.82,2017-08-07,2024-04-24,UPI,2452,Yes,No,3,4,CNT670977,Mirzapur,Mini-Series,Romance,Japanese,Co-Production,2022,U/A 7+,4,24,2023-03-08,Wednesday,15,27,48,56.2,In Progress,Yes,Never,Hindi,2.9,378,91,No,Yes,No,Recommendations Only,Yes,No,Yes,Laptop,Roku,480p,Dolby Atmos,1,8.48,0.48,WiFi,No,No,Reed Hastings,Henry Cavill,Feel Good,8.8,58,82,155,37,20.0,47.5,New User,Medium,Satisfied,48,28,30.3,52,1,48,Yes,1.74,No,0,1.07,0.4,250.24,1.1,0.64,Yes,4.74,TV Ad,CMP256464,No,None,Too Expensive,No,Not Applicable,3,25.7,FY2023-Q1
USR503277,PRF984293,Shared,35-44,Non-Binary,Mexico,Latin America,Lima,Portuguese,Hindi,Standard,6.01,2021-05-24,2024-12-13,UPI,1299,No,Yes,4,2,CNT802615,Red Notice,Anime,Comedy,Tamil,Netflix Original,2015,U/A 7+,5,50,2024-02-18,Sunday,4,12,95,12.6,Dropped,Yes,Always,English,2.5,73,92,No,No,Yes,All,Yes,No,No,Desktop,Roku,Dolby Vision,Stereo,4,21.71,0.54,3G,No,No,Scott Stuber,Phoebe Dynevor,Light-Hearted,7.5,43,60,181,36,123.3,561.5,Casual Viewer,Very High,Very Dissatisfied,-99,18,20.2,47,61,45,No,0.79,No,0,1.25,0.71,186.31,1.45,-0.66,Yes,4.32,App Store,CMP672696,Yes,NF4083,Temporary Pause,No,Not Applicable,4,17.9,FY2024-Q1
USR277292,PRF700687,Shared,55+,Male,Germany,North America,Houston,French,Japanese,Mobile,1.8,2016-08-04,2024-09-26,PayPal,2975,No,Yes,4,1,CNT754643,Better Call Saul,Series,Animation,Tamil,Netflix Original,2016,U/A 13+,2,18,2024-10-07,Monday,23,39,39,100.0,Completed,No,Always,Spanish,4.2,258,9,No,No,Yes,None,No,No,No,Smart TV,iOS,Dolby Vision,Stereo,7,14.56,1.18,Broadband,Yes,No,Bela Bajaria,Pankaj Tripathi,Intense,6.4,43,81,137,50,2.6,13.9,Binge Watcher,Medium,Dissatisfied,-54,25,21.3,3,88,5,Yes,0.28,No,0,1.92,0.8,43.2,0.92,-0.64,No,0,Partner Deal,CMP961639,Yes,NF8752,Temporary Pause,No,Not Applicable,1,40.3,FY2024-Q4
USR941289,PRF203050,Adult,18-24,Non-Binary,Brazil,Africa,Accra,Tamil,French,Basic,2.4,2021-06-24,2024-06-25,Net Banking,1097,Yes,No,1,1,CNT910707,Money Heist,Mini-Series,Sci-Fi,Portuguese,Co-Production,2022,U/A 7+,3,27,2024-06-29,Saturday,7,92,117,78.6,In Progress,Yes,Never,Japanese,3.8,346,88,Yes,No,Yes,None,Yes,Yes,Yes,Tablet,iOS,Dolby Vision,Stereo,6,17.12,3.28,Fiber,No,No,Alfonso Cuarón,Nawazuddin Siddiqui,Thought-Provoking,7.1,49,93,112,1,44.0,364.2,Binge Watcher,Medium,Very Satisfied,-94,19,4.1,39,169,13,Yes,0.7,Yes,0.94,1.06,0.35,144.0,1.58,-0.88,No,0,TV Ad,CMP225805,No,None,Found Alternative,No,Not Applicable,0,41.2,FY2024-Q2
USR173832,PRF699098,Adult,18-24,Non-Binary,Mexico,Europe,Madrid,German,English,Standard,6.01,2018-04-21,2024-08-27,Net Banking,2320,Yes,No,3,2,CNT256085,The Irishman,Reality Show,Romance,French,Co-Production,2017,U,1,1,2023-03-17,Friday,8,17,35,48.6,In Progress,Yes,Never,Portuguese,2.6,136,19,No,No,Yes,None,No,No,No,Tablet,iOS,Dolby Vision,Stereo,3,15.45,0.55,WiFi,No,No,Ryan Murphy,Lily Collins,Suspenseful,9.5,56,76,46,29,11.3,111.0,Binge Watcher,High,Dissatisfied,-86,20,39.9,42,24,23,No,0.72,No,0,0.22,0.54,198.33,1.05,-0.33,Yes,5.57,Social Media,CMP982042,Yes,NF1571,Too Expensive,No,Not Applicable,3,36.6,FY2023-Q1
USR662625,PRF256189,Kids,45-54,Female,South Korea,Asia Pacific,Seoul,Hindi,English,Premium,7.82,2022-05-30,2024-04-07,PayPal,678,No,Yes,4,4,CNT248468,Cobra Kai,Series,Romance,German,Licensed,2016,U,6,54,2023-07-14,Friday,4,11,29,37.9,In Progress,No,Never,English,1.1,124,89,Yes,Yes,Yes,None,Yes,No,Yes,Tablet,Web,Dolby Vision,Stereo,7,13.58,0.31,WiFi,Yes,No,Marta Kauffman,Pankaj Tripathi,Light-Hearted,9.5,55,91,100,5,119.1,830.0,New User,Medium,Dissatisfied,-14,25,33.5,48,174,25,No,2.06,No,0,1.93,0.02,211.14,0.64,1.42,Yes,3.77,Social Media,CMP817318,No,None,Not Applicable,Yes,2024-10-31,4,26.4,FY2023-Q3
USR825272,PRF139448,Adult,45-54,Female,USA,Asia Pacific,Seoul,German,Portuguese,Mobile,1.8,2018-01-26,2024-03-13,Credit Card,2238,No,Yes,2,1,CNT757658,Red Notice,Anime,Animation,Spanish,Licensed,2022,U/A 13+,2,20,2023-02-11,Saturday,4,45,45,100.0,Completed,No,Always,Italian,3.4,120,24,Yes,Yes,No,None,Yes,No,Yes,Laptop,Android,720p,Stereo,10,15.05,1.41,4G,No,No,David Fincher,Jenna Ortega,Feel Good,8.5,41,91,21,1,2.1,19.7,New User,High,Neutral,-47,13,10.4,40,195,29,Yes,0.26,No,0,1.38,0.21,82.8,1.18,-0.92,No,0,Social Media,CMP876383,Yes,NF3859,Temporary Pause,No,Not Applicable,0,44.4,FY2023-Q1
USR696289,PRF162549,Adult,35-44,Non-Binary,USA,Europe,Paris,Spanish,English,Basic,2.4,2023-02-02,2024-08-15,Net Banking,560,No,Yes,4,1,CNT580854,Ozark,Anime,Action,Hindi,Licensed,2020,U/A 7+,2,12,2023-08-31,Thursday,23,116,125,92.8,In Progress,No,Always,French,1.8,309,20,Yes,Yes,Yes,Recommendations Only,No,Yes,No,Tablet,webOS,480p,Dolby Atmos,3,23.23,5.61,3G,Yes,Yes,Bela Bajaria,Jason Bateman,Light-Hearted,9.0,44,90,150,32,9.1,47.4,Churned,Medium,Very Dissatisfied,-99,13,39.2,3,121,46,Yes,0.43,No,0,0.75,0.46,43.2,2.08,-1.65,No,0,App Store,CMP656921,Yes,NF1525,Not Applicable,Yes,2023-12-10,3,23.3,FY2023-Q3
USR157474,PRF639740,Adult,35-44,Non-Binary,Germany,Africa,Lagos,English,English,Premium,7.82,2017-06-11,2024-03-08,Net Banking,2462,No,Yes,3,4,CNT483349,Dark,Series,Drama,German,Licensed,2019,A,2,22,2024-04-15,Monday,18,11,169,6.5,Dropped,Yes,Sometimes,Japanese,4.9,89,82,Yes,Yes,Yes,Recommendations Only,Yes,Yes,No,Desktop,Tizen,720p,Surround 5.1,0,21.58,0.49,5G,No,No,Martin Scorsese,Millie Bobby Brown,Dark,7.1,48,85,48,24,94.4,706.4,Binge Watcher,High,Dissatisfied,24,16,21.3,8,121,45,No,0.75,No,0,1.06,0.3,422.28,1.17,-0.42,Yes,6.37,App Store,CMP751114,No,None,Not Applicable,Yes,2024-09-27,2,38.5,FY2024-Q2
USR418853,PRF694806,Kids,35-44,Female,UK,South Asia,Mumbai,French,Hindi,Premium,7.82,2017-01-02,2024-05-27,UPI,2702,Yes,Yes,2,4,CNT337798,Lupin,Series,Thriller,German,Licensed,2017,U/A 13+,7,49,2024-06-17,Monday,20,14,25,56.0,In Progress,No,Always,Spanish,2.7,180,36,No,Yes,Yes,None,No,Yes,Yes,Desktop,Web,720p,Stereo,0,7.64,0.22,WiFi,Yes,No,Marta Kauffman,Jenna Ortega,Funny,8.1,99,68,122,23,63.6,494.2,Binge Watcher,High,Satisfied,-48,17,28.4,43,82,22,Yes,0.73,Yes,4.26,1.04,0.34,336.26,1.36,-0.63,No,0,Google Search,CMP570211,No,None,Technical Issues,No,Not Applicable,4,46.8,FY2024-Q2
USR442220,PRF157706,Teen,13-17,Female,India,Middle East,Cairo,Tamil,Portuguese,Premium,7.82,2020-08-07,2024-03-15,Debit Card,1316,No,Yes,3,4,CNT919234,The Crown,Movie,Animation,Italian,Licensed,2020,U/A 7+,1,1,2024-10-24,Thursday,22,65,95,68.4,In Progress,Yes,Always,Italian,4.6,434,57,Yes,No,Yes,Recommendations Only,No,Yes,No,Tablet,Web,4K HDR,Surround 5.1,7,8.8,1.19,3G,No,Yes,Martin Scorsese,Phoebe Dynevor,Suspenseful,9.4,88,96,171,10,120.1,923.9,Binge Watcher,Very High,Very Dissatisfied,-78,6,29.3,29,190,26,No,0.82,No,0,1.8,0.14,320.62,0.79,0.03,Yes,3.74,Google Search,CMP271746,No,None,Too Expensive,Yes,2024-04-01,5,46.6,FY2024-Q4
USR785572,PRF798260,Adult,45-54,Non-Binary,South Korea,Latin America,Bogotá,Portuguese,Hindi,Basic,2.4,2018-05-27,2024-08-31,Net Banking,2288,No,Yes,1,1,CNT821255,You,Reality Show,Comedy,English,Co-Production,2021,U/A 7+,1,1,2024-10-16,Wednesday,8,27,126,21.4,In Progress,Yes,Always,French,3.2,252,8,No,No,No,Recommendations Only,No,Yes,No,Gaming Console,Android,1080p,Stereo,7,1.53,0.09,Broadband,Yes,Yes,Bela Bajaria,Louis Hofmann,Intense,8.2,88,68,52,12,125.0,495.1,Binge Watcher,Medium,Very Satisfied,-31,11,17.1,59,92,3,No,0.63,No,0,0.99,0.74,48.0,0.57,0.06,Yes,1.22,Google Search,CMP655338,No,None,Too Expensive,No,Not Applicable,5,45.0,FY2024-Q4
USR480180,PRF245766,Teen,13-17,Prefer Not to Say,South Korea,Middle East,Riyadh,Tamil,Portuguese,Basic,2.4,2021-02-05,2024-06-14,UPI,1225,No,Yes,3,1,CNT280572,Lupin,Anime,Comedy,Italian,Co-Production,2024,U/A 13+,3,36,2023-05-28,Sunday,0,38,55,69.1,In Progress,Yes,Never,Hindi,2.1,113,16,Yes,Yes,No,All,Yes,Yes,Yes,Tablet,iOS,480p,Stereo,3,19.98,1.58,3G,No,Yes,Alfonso Cuarón,Álvaro Morte,Feel Good,8.5,66,81,42,7,33.5,193.6,Re-Activated,Low,Dissatisfied,-70,29,10.5,5,78,42,Yes,0.49,Yes,2.38,1.83,0.12,33.6,2.81,-2.32,No,0,Email Campaign,CMP201191,No,None,Not Applicable,No,Not Applicable,0,44.2,FY2023-Q2
USR324682,PRF639231,Adult,18-24,Female,UK,Europe,Rome,Portuguese,English,Mobile,1.8,2016-08-19,2024-05-22,UPI,2833,No,Yes,3,1,CNT229620,Bridgerton,Documentary,Animation,Tamil,Licensed,2016,U,1,1,2023-04-12,Wednesday,18,21,23,91.3,In Progress,Yes,Sometimes,Japanese,1.9,360,36,Yes,Yes,No,Recommendations Only,Yes,No,No,Tablet,webOS,4K HDR,Stereo,3,23.05,1.01,Broadband,No,No,Scott Stuber,Lee Jung-jae,Dark,5.9,58,70,194,35,1.6,12.3,Power User,High,Satisfied,-97,21,19.9,7,102,28,Yes,0.48,No,0,0.73,0.59,61.2,2.18,-1.7,Yes,1.14,Social Media,CMP250331,No,None,Technical Issues,No,Not Applicable,3,19.5,FY2023-Q2
USR753506,PRF201013,Teen,13-17,Male,South Korea,Middle East,Dubai,Italian,Japanese,Standard,6.01,2017-03-26,2024-06-22,Net Banking,2645,Yes,No,1,2,CNT931239,Dark,Reality Show,Sci-Fi,French,Licensed,2024,U/A 7+,1,1,2024-08-30,Friday,8,50,122,41.0,In Progress,No,Never,German,2.9,251,64,No,No,Yes,All,No,Yes,No,Tablet,Windows,4K HDR,Surround 5.1,1,6.64,0.69,3G,Yes,Yes,David Fincher,Omar Sy,Thought-Provoking,7.7,65,91,131,18,23.0,123.4,Re-Activated,Medium,Dissatisfied,10,4,12.8,25,125,48,Yes,1.14,Yes,0.63,1.48,0.83,222.37,2.2,-1.06,Yes,2.92,Partner Deal,CMP807814,Yes,NF5960,Temporary Pause,No,Not Applicable,3,31.9,FY2024-Q3
USR441958,PRF139193,Adult,35-44,Prefer Not to Say,Mexico,South Asia,Dhaka,Portuguese,Portuguese,Mobile,1.8,2019-05-23,2024-05-14,Gift Card,1818,No,Yes,5,1,CNT541631,Mirzapur,Anime,Horror,Japanese,Licensed,2015,U,1,10,2023-02-16,Thursday,4,49,113,43.4,In Progress,No,Never,English,4.2,162,48,No,No,Yes,Recommendations Only,Yes,Yes,No,Tablet,Windows,720p,Dolby Atmos,5,10.59,1.08,5G,No,No,Alfonso Cuarón,Louis Hofmann,Dark,7.6,88,100,88,25,15.5,68.7,Churned,Medium,Neutral,-33,1,12.2,37,103,14,Yes,0.17,Yes,1.61,1.3,0.59,90.0,0.66,-0.49,No,0,TV Ad,CMP985194,Yes,NF1322,Temporary Pause,Yes,2023-12-12,4,5.0,FY2023-Q1
USR254920,PRF352050,Shared,45-54,Female,India,Asia Pacific,Sydney,French,Japanese,Premium,7.82,2017-05-09,2024-06-26,Net Banking,2605,Yes,No,5,4,CNT530189,Marriage Story,Stand-Up,Documentary,Italian,Licensed,2020,U,1,1,2023-07-24,Monday,13,37,122,30.3,In Progress,Yes,Sometimes,French,3.5,421,36,Yes,No,Yes,Recommendations Only,Yes,Yes,Yes,Mobile,Android,720p,Surround 5.1,2,14.63,1.13,3G,No,No,Scott Stuber,Henry Cavill,Feel Good,7.0,88,95,47,2,94.5,556.4,Casual Viewer,Medium,Neutral,-66,0,10.7,52,72,42,Yes,0.99,No,0,0.54,0.64,445.74,2.04,-1.05,No,0,TV Ad,CMP993933,Yes,NF6968,Technical Issues,Yes,2024-06-18,0,46.3,FY2023-Q3
USR366659,PRF718115,Teen,13-17,Male,USA,Latin America,São Paulo,German,Portuguese,Standard,6.01,2021-09-30,2024-06-01,UPI,975,Yes,No,3,2,CNT833602,Extraction,Series,Documentary,Spanish,Netflix Original,2018,U/A 13+,1,10,2024-05-27,Monday,3,153,153,100.0,Completed,No,Sometimes,Korean,4.8,493,35,Yes,No,No,None,No,No,Yes,Desktop,Android,480p,Dolby Atmos,5,8.57,2.73,Fiber,Yes,No,Jenji Kohan,Jason Bateman,Thought-Provoking,9.2,56,91,24,16,90.4,729.7,Re-Activated,High,Very Satisfied,36,27,9.8,29,100,0,No,1.25,No,0,1.61,0.74,198.33,1.05,0.2,Yes,1.88,Google Search,CMP415504,No,None,Technical Issues,No,Not Applicable,0,45.0,FY2024-Q2
USR361728,PRF641448,Adult,18-24,Female,Spain,Africa,Nairobi,Tamil,Korean,Premium,7.82,2022-01-30,2024-06-11,Net Banking,863,No,Yes,1,4,CNT931145,Lupin,Series,Sci-Fi,German,Licensed,2021,U/A 16+,7,56,2024-03-08,Friday,3,49,61,80.3,In Progress,No,Never,Spanish,2.0,133,22,No,No,Yes,All,No,No,Yes,Tablet,Roku,Dolby Vision,Stereo,0,19.17,1.96,WiFi,Yes,Yes,Ryan Murphy,Louis Hofmann,Light-Hearted,5.3,66,98,187,36,110.9,593.6,Binge Watcher,Medium,Very Satisfied,2,19,17.4,17,39,5,No,1.73,Yes,3.34,1.58,0.14,242.42,1.0,0.73,No,0,Word of Mouth,CMP694797,Yes,NF2815,Content Not Interesting,No,Not Applicable,0,1.2,FY2024-Q1
USR199907,PRF684056,Adult,55+,Male,Germany,Middle East,Istanbul,English,Spanish,Basic,2.4,2017-02-19,2024-05-16,Debit Card,2643,No,Yes,4,1,CNT593808,Mirzapur,Mini-Series,Documentary,Korean,Licensed,2024,A,2,24,2023-10-17,Tuesday,23,58,68,85.3,In Progress,Yes,Always,French,1.7,258,79,No,No,No,None,No,Yes,Yes,Gaming Console,Web,1080p,Stereo,5,14.78,1.79,Broadband,No,No,Reed Hastings,Jenna Ortega,Dark,8.6,41,78,68,16,93.0,856.7,Binge Watcher,Very High,Satisfied,-34,3,12.9,9,128,17,No,0.53,Yes,0.55,0.27,0.32,120.0,1.49,-0.96,Yes,2.0,App Store,CMP396668,No,None,Too Expensive,No,Not Applicable,2,29.6,FY2023-Q4
USR289340,PRF536646,Adult,25-34,Male,France,Africa,Cape Town,Korean,Japanese,Standard,6.01,2023-04-07,2024-09-08,Net Banking,520,Yes,No,1,2,CNT809790,Ozark,Mini-Series,Drama,Korean,Netflix Original,2017,U/A 13+,1,9,2023-09-24,Sunday,5,116,139,83.5,In Progress,Yes,Sometimes,Hindi,1.5,201,47,Yes,No,Yes,All,Yes,No,No,Tablet,webOS,Dolby Vision,Dolby Atmos,7,12.58,3.04,WiFi,No,Yes,Marta Kauffman,Louis Hofmann,Suspenseful,9.0,71,62,114,23,148.3,929.4,Re-Activated,Medium,Satisfied,-88,25,25.9,21,15,47,Yes,1.6,Yes,1.06,0.19,0.87,102.17,2.59,-0.99,No,0,Partner Deal,CMP731548,Yes,NF9618,Temporary Pause,Yes,2024-08-20,3,4.9,FY2023-Q3
USR335122,PRF779068,Kids,35-44,Female,UK,Asia Pacific,Seoul,German,Portuguese,Basic,2.4,2016-10-29,2024-07-17,PayPal,2818,No,Yes,3,1,CNT778665,Bird Box,Mini-Series,Comedy,French,Co-Production,2022,U,7,63,2023-11-14,Tuesday,21,38,174,21.8,In Progress,No,Sometimes,Portuguese,2.4,40,61,No,Yes,Yes,None,No,Yes,No,Laptop,Android,Dolby Vision,Stereo,4,14.29,1.13,WiFi,Yes,No,Scott Stuber,Álvaro Morte,Funny,5.4,63,92,52,32,67.4,323.4,Re-Activated,High,Neutral,-35,18,3.7,33,5,7,No,0.42,No,0,1.62,0.61,79.2,2.08,-1.66,Yes,1.06,Word of Mouth,CMP924366,No,None,Not Applicable,No,Not Applicable,1,40.5,FY2023-Q4
USR217348,PRF955604,Shared,55+,Male,Brazil,North America,New York,Korean,Japanese,Premium,7.82,2021-12-30,2024-05-15,Credit Card,867,No,Yes,2,4,CNT319393,Ozark,Mini-Series,Comedy,Tamil,Licensed,2019,U/A 7+,7,77,2023-04-19,Wednesday,13,9,156,5.8,Dropped,Yes,Sometimes,Italian,1.0,97,11,No,No,Yes,Recommendations Only,No,Yes,Yes,Mobile,Web,4K HDR,Surround 5.1,9,18.28,0.34,3G,Yes,No,Marta Kauffman,Lee Jung-jae,Light-Hearted,5.5,50,90,118,45,61.4,435.4,Binge Watcher,Very High,Very Satisfied,-15,0,4.6,55,183,27,No,1.15,No,0,1.38,0.96,383.18,1.49,-0.34,No,0,Email Campaign,CMP619782,Yes,NF1227,Content Not Interesting,Yes,2023-05-09,5,28.0,FY2023-Q2
USR407645,PRF858115,Teen,13-17,Prefer Not to Say,Spain,South Asia,Dhaka,Portuguese,Japanese,Premium,7.82,2019-06-26,2024-09-05,PayPal,1898,No,Yes,2,4,CNT784196,Red Notice,Movie,Animation,English,Co-Production,2021,U/A 13+,1,1,2024-08-13,Tuesday,10,21,161,13.0,Dropped,No,Always,Tamil,2.1,106,36,Yes,No,Yes,All,Yes,Yes,No,Smart TV,Roku,4K HDR,Surround 5.1,7,17.59,0.77,4G,Yes,Yes,Shonda Rhimes,Phoebe Dynevor,Thought-Provoking,7.9,96,90,30,32,93.8,655.9,Binge Watcher,Medium,Satisfied,28,1,32.4,22,111,7,Yes,0.66,No,0,1.45,0.47,265.88,1.08,-0.42,Yes,5.01,Social Media,CMP689280,No,None,Content Not Interesting,No,Not Applicable,1,23.6,FY2024-Q3
USR400687,PRF629554,Adult,45-54,Female,USA,Asia Pacific,Sydney,Hindi,Spanish,Mobile,1.8,2022-12-03,2024-01-26,UPI,419,No,Yes,4,1,CNT849941,Roma,Series,Comedy,Tamil,Licensed,2024,U/A 13+,7,84,2023-04-15,Saturday,17,21,30,70.0,In Progress,Yes,Always,Italian,1.4,215,100,Yes,Yes,No,Recommendations Only,No,No,No,Smart TV,Fire TV,720p,Stereo,8,12.71,0.56,Fiber,Yes,Yes,Bela Bajaria,Phoebe Dynevor,Romantic,7.8,95,73,93,11,109.5,823.4,Casual Viewer,Very High,Very Satisfied,0,24,2.0,60,165,9,Yes,0.49,Yes,3.41,0.67,0.14,108.0,1.0,-0.51,No,0,TV Ad,CMP848022,No,None,Found Alternative,Yes,2023-09-09,5,42.1,FY2023-Q2
USR543281,PRF629818,Shared,55+,Male,Brazil,Asia Pacific,Singapore,English,Japanese,Standard,6.01,2018-11-10,2024-01-05,UPI,1882,No,Yes,5,2,CNT372374,Black Mirror,Mini-Series,Documentary,German,Co-Production,2018,A,5,50,2024-09-25,Wednesday,20,93,133,69.9,In Progress,No,Always,English,4.6,387,83,Yes,No,No,None,Yes,No,No,Mobile,Tizen,1080p,Surround 5.1,2,13.25,2.57,5G,Yes,No,Jenji Kohan,Nawazuddin Siddiqui,Light-Hearted,8.5,65,72,78,6,6.5,28.2,New User,High,Very Dissatisfied,49,6,33.0,24,117,6,Yes,1.2,Yes,0.92,1.1,0.52,324.54,2.09,-0.89,Yes,1.14,TV Ad,CMP546370,Yes,NF5979,Not Applicable,No,Not Applicable,3,4.4,FY2024-Q3
USR699538,PRF403657,Adult,35-44,Male,South Korea,North America,Chicago,Italian,Hindi,Standard,6.01,2022-08-04,2024-09-26,Credit Card,784,No,Yes,5,2,CNT489511,Narcos,Reality Show,Horror,Tamil,Licensed,2022,U/A 13+,1,1,2024-10-13,Sunday,13,130,132,98.5,Completed,No,Sometimes,German,3.9,14,18,Yes,No,Yes,Recommendations Only,No,Yes,Yes,Desktop,Fire TV,480p,Stereo,8,21.65,5.86,Broadband,No,Yes,Shonda Rhimes,Jason Bateman,Funny,6.9,50,69,130,9,73.2,394.6,Churned,High,Very Dissatisfied,15,28,13.8,25,122,46,Yes,0.64,Yes,2.55,0.07,0.16,246.41,1.42,-0.78,Yes,4.01,Email Campaign,CMP245251,Yes,NF2980,Found Alternative,No,Not Applicable,4,30.7,FY2024-Q4
USR357201,PRF969993,Shared,18-24,Prefer Not to Say,Germany,Africa,Accra,Hindi,Japanese,Mobile,1.8,2023-12-21,2024-11-15,Gift Card,330,No,Yes,4,1,CNT736333,Dark,Reality Show,Romance,Italian,Licensed,2015,U/A 16+,1,1,2024-11-17,Sunday,14,87,91,95.6,Completed,Yes,Sometimes,English,1.4,174,55,Yes,No,Yes,None,No,No,No,Smart TV,iOS,480p,Dolby Atmos,1,16.28,2.95,4G,No,Yes,David Fincher,Claire Foy,Dark,5.7,41,96,162,50,106.4,667.0,Casual Viewer,High,Dissatisfied,73,5,2.8,21,47,1,Yes,0.18,Yes,4.81,1.04,0.75,68.4,2.74,-2.56,Yes,1.53,Google Search,CMP508881,No,None,Content Not Interesting,Yes,2023-01-20,0,15.7,FY2024-Q4
USR573685,PRF143822,Adult,35-44,Male,Spain,Latin America,Buenos Aires,German,Japanese,Mobile,1.8,2017-04-09,2024-05-02,Gift Card,2580,Yes,No,5,1,CNT403300,The Irishman,Reality Show,Comedy,French,Co-Production,2015,U/A 7+,1,1,2023-11-22,Wednesday,14,109,161,67.7,In Progress,Yes,Always,German,1.3,139,76,No,No,No,None,Yes,No,Yes,Mobile,iOS,1080p,Stereo,1,6.53,1.48,3G,Yes,Yes,Jenji Kohan,Claire Foy,Romantic,5.1,80,74,5,18,83.6,541.9,Casual Viewer,High,Neutral,62,8,39.2,46,116,17,Yes,0.36,Yes,1.87,0.81,0.08,82.8,1.75,-1.39,Yes,1.3,TV Ad,CMP437262,No,None,Temporary Pause,Yes,2023-09-09,2,10.5,FY2023-Q4
USR755608,PRF417905,Adult,55+,Female,USA,Middle East,Cairo,Korean,French,Premium,7.82,2015-01-18,2024-01-05,UPI,3274,Yes,No,5,4,CNT138583,Cobra Kai,Talk Show,Documentary,Italian,Licensed,2016,U/A 16+,1,1,2024-10-26,Saturday,20,39,39,100.0,Completed,Yes,Always,Korean,1.1,420,81,No,Yes,No,None,No,Yes,Yes,Desktop,Web,480p,Dolby Atmos,9,9.27,0.75,4G,Yes,Yes,Martin Scorsese,Jitendra Kumar,Light-Hearted,8.7,82,88,173,8,53.6,450.7,Churned,High,Satisfied,73,0,39.7,45,174,34,No,0.93,Yes,1.06,0.74,0.19,46.92,1.05,-0.12,Yes,6.17,TV Ad,CMP687324,Yes,NF2474,Temporary Pause,No,Not Applicable,3,0.6,FY2024-Q4
USR359159,PRF213079,Shared,35-44,Prefer Not to Say,Japan,Latin America,São Paulo,Korean,Spanish,Standard,6.01,2016-05-13,2024-12-14,Credit Card,3137,No,Yes,4,2,CNT961545,Sacred Games,Movie,Action,English,Licensed,2019,A,1,1,2024-03-06,Wednesday,17,85,134,63.4,In Progress,Yes,Always,Tamil,1.0,317,56,Yes,No,Yes,All,Yes,Yes,No,Laptop,iOS,720p,Stereo,1,22.97,4.07,3G,Yes,No,Marta Kauffman,Henry Cavill,Romantic,5.9,45,96,7,48,34.6,254.7,New User,Low,Very Satisfied,43,1,12.1,25,103,6,No,0.74,No,0,0.62,0.63,72.12,0.57,0.17,No,0,Word of Mouth,CMP728700,No,None,Found Alternative,Yes,2024-08-29,5,30.1,FY2024-Q1
USR732636,PRF459557,Adult,35-44,Non-Binary,Germany,Latin America,Bogotá,Japanese,English,Standard,6.01,2022-04-20,2024-12-11,Gift Card,966,Yes,No,5,2,CNT714926,The Witcher,Documentary,Comedy,Hindi,Co-Production,2015,U/A 7+,1,1,2024-09-01,Sunday,22,17,37,45.9,In Progress,Yes,Always,Italian,4.6,419,71,Yes,No,No,All,Yes,Yes,Yes,Laptop,Tizen,4K HDR,Dolby Atmos,2,6.46,0.23,Fiber,No,No,Marta Kauffman,Lily Collins,Suspenseful,5.6,72,76,91,27,72.7,492.7,Churned,High,Dissatisfied,-16,5,4.6,57,11,31,Yes,1.53,Yes,1.07,1.17,0.51,282.47,2.39,-0.86,No,0,Social Media,CMP769795,No,None,Found Alternative,Yes,2023-05-31,1,33.4,FY2024-Q3
USR351815,PRF487596,Shared,18-24,Non-Binary,UK,Latin America,Lima,Spanish,Portuguese,Premium,7.82,2017-04-20,2024-07-23,Gift Card,2651,Yes,Yes,3,4,CNT554786,Stranger Things,Series,Romance,English,Co-Production,2023,U,1,7,2023-10-25,Wednesday,14,51,69,73.9,In Progress,Yes,Always,Spanish,1.2,406,24,Yes,No,No,Recommendations Only,No,Yes,Yes,Gaming Console,Tizen,Dolby Vision,Surround 5.1,5,21.26,2.26,4G,No,Yes,Shonda Rhimes,Henry Cavill,Thought-Provoking,5.1,52,78,45,15,132.9,1011.4,Casual Viewer,Very High,Satisfied,86,2,31.5,51,170,39,Yes,1.05,Yes,0.6,1.69,0.91,54.74,2.58,-1.53,Yes,3.58,Word of Mouth,CMP633320,Yes,NF5998,Technical Issues,Yes,2023-12-13,3,36.2,FY2023-Q4
USR590262,PRF553515,Adult,35-44,Prefer Not to Say,Japan,South Asia,Dhaka,Japanese,Japanese,Standard,6.01,2022-12-28,2024-07-10,Net Banking,560,No,Yes,4,2,CNT432420,Breaking Bad,Stand-Up,Crime,Portuguese,Licensed,2024,U/A 16+,1,1,2024-10-27,Sunday,1,33,73,45.2,In Progress,Yes,Always,German,4.6,119,33,Yes,No,Yes,Recommendations Only,Yes,No,Yes,Smart TV,iOS,480p,Surround 5.1,2,23.42,1.61,WiFi,Yes,No,Alfonso Cuarón,Henry Cavill,Suspenseful,7.0,55,85,56,20,64.3,302.5,Binge Watcher,High,Neutral,-52,22,24.4,9,193,45,No,0.98,Yes,1.1,0.17,0.44,168.28,1.08,-0.1,Yes,3.33,Social Media,CMP907483,No,None,Technical Issues,No,Not Applicable,2,13.9,FY2024-Q4
USR539507,PRF546399,Adult,45-54,Prefer Not to Say,Brazil,Asia Pacific,Singapore,Italian,Spanish,Premium,7.82,2022-05-03,2024-09-19,UPI,870,Yes,No,2,4,CNT715467,Dark,Documentary,Sci-Fi,Korean,Netflix Original,2023,A,1,1,2024-08-24,Saturday,17,123,139,88.5,In Progress,Yes,Always,Spanish,2.4,500,42,No,No,Yes,Recommendations Only,Yes,No,Yes,Tablet,iOS,1080p,Dolby Atmos,7,11.52,2.95,3G,No,Yes,David Fincher,Álvaro Morte,Intense,5.4,94,72,110,50,141.3,713.6,New User,Very High,Very Satisfied,-53,6,3.2,25,73,13,Yes,1.59,No,0,0.28,0.87,195.5,2.86,-1.27,Yes,4.41,Google Search,CMP791609,No,None,Content Not Interesting,No,Not Applicable,4,3.8,FY2024-Q3
USR614807,PRF582559,Teen,13-17,Prefer Not to Say,France,North America,Toronto,Tamil,English,Basic,2.4,2018-08-31,2024-07-29,PayPal,2159,No,Yes,2,1,CNT195528,Squid Game,Mini-Series,Animation,Portuguese,Licensed,2022,U/A 16+,6,36,2024-02-03,Saturday,6,18,53,34.0,In Progress,No,Never,French,2.2,200,78,Yes,No,Yes,All,No,No,No,Desktop,Web,Dolby Vision,Stereo,3,12.81,0.48,3G,Yes,Yes,David Fincher,Claire Foy,Thought-Provoking,8.7,82,90,41,39,86.7,358.7,Re-Activated,Low,Satisfied,26,13,39.7,36,32,23,Yes,0.55,No,0,0.4,0.99,81.6,0.66,-0.11,No,0,Email Campaign,CMP210335,No,None,Temporary Pause,Yes,2024-06-22,4,36.9,FY2024-Q1
USR562063,PRF475481,Adult,18-24,Female,Germany,Asia Pacific,Singapore,Korean,Korean,Premium,7.82,2015-04-20,2024-02-07,Credit Card,3215,No,Yes,4,4,CNT807835,The Witcher,Reality Show,Action,Portuguese,Co-Production,2015,U/A 7+,1,1,2023-01-11,Wednesday,8,13,49,26.5,In Progress,No,Never,English,2.3,428,81,Yes,No,No,Recommendations Only,Yes,Yes,Yes,Tablet,Tizen,720p,Surround 5.1,7,3.94,0.11,4G,Yes,Yes,Shonda Rhimes,Jason Bateman,Feel Good,8.4,71,89,18,6,82.7,294.4,New User,High,Satisfied,74,21,3.0,57,25,42,Yes,2.04,Yes,1.27,0.04,0.1,187.68,0.81,1.23,No,0,TV Ad,CMP275161,Yes,NF5476,Content Not Interesting,Yes,2023-03-21,0,20.2,FY2023-Q1
USR766216,PRF898717,Adult,45-54,Non-Binary,Japan,North America,Toronto,German,English,Premium,7.82,2019-10-19,2024-03-02,UPI,1596,Yes,Yes,1,4,CNT118506,Sacred Games,Anime,Thriller,English,Co-Production,2021,A,6,48,2023-01-13,Friday,12,63,74,85.1,In Progress,No,Sometimes,Italian,1.9,327,94,Yes,Yes,Yes,All,Yes,No,Yes,Desktop,Roku,720p,Dolby Atmos,4,19.3,2.53,WiFi,Yes,Yes,Bela Bajaria,Louis Hofmann,Thought-Provoking,8.0,57,99,95,3,11.0,36.9,Casual Viewer,Medium,Dissatisfied,-48,20,2.0,60,186,38,No,1.49,Yes,3.71,1.58,0.92,328.44,0.93,0.56,Yes,5.09,TV Ad,CMP444656,Yes,NF6440,Content Not Interesting,No,Not Applicable,1,13.7,FY2023-Q1
USR704422,PRF570046,Shared,35-44,Female,France,South Asia,Mumbai,French,Japanese,Mobile,1.8,2017-07-27,2024-06-18,Net Banking,2518,No,Yes,2,1,CNT183902,Ozark,Movie,Action,Korean,Licensed,2024,U/A 16+,1,1,2024-01-26,Friday,16,28,102,27.5,In Progress,No,Always,German,2.8,225,54,No,Yes,No,All,No,No,Yes,Laptop,Web,Dolby Vision,Dolby Atmos,3,3.58,0.21,4G,No,No,Reed Hastings,Claire Foy,Funny,5.0,95,91,18,13,8.8,87.4,Binge Watcher,Very High,Very Dissatisfied,55,15,3.3,9,184,30,Yes,0.21,Yes,1.56,0.16,0.72,45.0,0.91,-0.7,Yes,1.2,Word of Mouth,CMP298837,Yes,NF5966,Found Alternative,Yes,2024-09-12,0,1.1,FY2024-Q1
USR254525,PRF366640,Shared,35-44,Female,Germany,Middle East,Cairo,Tamil,Portuguese,Standard,6.01,2019-04-23,2024-09-07,PayPal,1964,No,Yes,5,2,CNT982393,Wednesday,Reality Show,Drama,Hindi,Netflix Original,2021,U,1,1,2024-08-02,Friday,5,60,69,87.0,In Progress,Yes,Always,Portuguese,4.8,203,90,Yes,Yes,No,All,No,No,No,Gaming Console,Roku,Dolby Vision,Surround 5.1,0,16.45,2.06,Fiber,No,Yes,Ryan Murphy,Henry Cavill,Suspenseful,8.5,88,82,131,46,73.8,542.6,Casual Viewer,High,Satisfied,91,12,28.1,1,44,31,Yes,1.71,Yes,1.59,0.07,0.81,276.46,2.27,-0.56,Yes,4.49,Social Media,CMP173234,No,None,Not Applicable,Yes,2023-09-25,5,20.3,FY2024-Q3
USR493914,PRF732275,Adult,18-24,Non-Binary,Brazil,Latin America,Buenos Aires,German,French,Basic,2.4,2017-03-22,2024-09-06,UPI,2725,Yes,Yes,4,1,CNT733729,Mindhunter,Documentary,Thriller,Korean,Licensed,2015,U/A 13+,1,1,2023-07-07,Friday,6,57,86,66.3,In Progress,No,Never,Japanese,2.8,161,30,No,No,No,None,Yes,No,No,Smart TV,Android,4K HDR,Dolby Atmos,4,2.07,0.25,3G,Yes,Yes,Marta Kauffman,Álvaro Morte,Thought-Provoking,9.1,46,100,43,6,44.7,210.6,Re-Activated,Medium,Neutral,15,19,27.6,56,122,32,No,0.21,Yes,2.65,1.35,0.1,21.6,1.17,-0.96,Yes,1.93,TV Ad,CMP297064,Yes,NF9557,Too Expensive,Yes,2023-04-10,0,47.3,FY2023-Q3
USR850534,PRF130641,Adult,55+,Female,USA,Africa,Cape Town,Japanese,French,Standard,6.01,2022-08-08,2024-08-15,UPI,738,Yes,No,4,2,CNT331081,Don't Look Up,Series,Romance,Portuguese,Co-Production,2022,U/A 13+,6,72,2024-12-17,Tuesday,3,42,118,35.6,In Progress,No,Never,Hindi,3.4,340,17,No,Yes,No,All,Yes,No,No,Desktop,Roku,Dolby Vision,Surround 5.1,1,7.88,0.69,4G,Yes,No,Ryan Murphy,Claire Foy,Dark,8.2,95,93,147,46,76.2,197.1,New User,Low,Neutral,89,18,37.5,48,30,36,No,1.37,No,0,0.34,0.45,78.13,1.71,-0.34,Yes,2.22,Word of Mouth,CMP994781,Yes,NF2728,Technical Issues,Yes,2024-11-06,2,45.8,FY2024-Q4
USR495007,PRF161669,Teen,13-17,Non-Binary,Spain,Middle East,Dubai,Spanish,Japanese,Basic,2.4,2019-05-09,2024-08-04,PayPal,1914,No,Yes,3,1,CNT320843,Marriage Story,Mini-Series,Animation,Tamil,Co-Production,2024,U/A 7+,2,12,2024-02-09,Friday,0,122,157,77.7,In Progress,Yes,Always,German,2.3,372,50,No,Yes,Yes,None,No,No,No,Desktop,Fire TV,1080p,Surround 5.1,2,18.8,4.78,3G,Yes,No,Martin Scorsese,Nawazuddin Siddiqui,Light-Hearted,8.7,58,74,128,44,68.9,455.6,Re-Activated,Very High,Very Satisfied,-67,10,30.2,38,14,45,No,0.64,Yes,3.19,0.62,0.99,31.2,1.18,-0.54,No,0,App Store,CMP786433,No,None,Not Applicable,Yes,2024-05-21,1,27.9,FY2024-Q1
USR784925,PRF566740,Adult,18-24,Non-Binary,Spain,Latin America,Bogotá,English,English,Mobile,1.8,2019-01-23,2024-10-21,Credit Card,2098,Yes,Yes,4,1,CNT186651,Delhi Crime,Mini-Series,Drama,Hindi,Netflix Original,2020,U/A 16+,4,28,2023-02-23,Thursday,3,91,151,60.3,In Progress,Yes,Always,Tamil,3.4,293,73,No,No,Yes,None,Yes,No,No,Desktop,Roku,1080p,Dolby Atmos,4,17.36,3.29,4G,Yes,No,Ryan Murphy,Nawazuddin Siddiqui,Intense,9.4,80,85,63,3,18.7,91.1,Power User,Low,Dissatisfied,42,26,21.7,52,136,31,Yes,0.52,No,0,1.55,0.99,86.4,2.15,-1.63,No,0,Partner Deal,CMP977809,No,None,Not Applicable,No,Not Applicable,4,26.1,FY2023-Q1
USR428137,PRF648055,Adult,55+,Non-Binary,UK,Africa,Lagos,Tamil,Portuguese,Basic,2.4,2015-01-22,2024-10-11,Gift Card,3550,No,Yes,3,1,CNT320032,Squid Game,Movie,Thriller,Tamil,Co-Production,2018,U,1,1,2024-10-30,Wednesday,5,40,42,95.2,Completed,Yes,Always,English,2.0,96,18,No,Yes,Yes,None,Yes,No,No,Mobile,Roku,480p,Dolby Atmos,6,24.44,2.04,5G,No,No,David Fincher,Jason Bateman,Funny,8.4,45,67,130,20,55.2,338.2,New User,High,Dissatisfied,77,4,21.7,5,162,46,No,0.54,Yes,1.85,1.89,0.52,134.4,1.23,-0.69,No,0,TV Ad,CMP830650,No,None,Not Applicable,Yes,2024-08-13,5,9.6,FY2024-Q4
USR834480,PRF699951,Adult,45-54,Non-Binary,France,Asia Pacific,Melbourne,Italian,Spanish,Standard,6.01,2023-11-01,2024-08-10,Gift Card,283,No,Yes,1,2,CNT203878,Black Mirror,Documentary,Comedy,French,Netflix Original,2016,U/A 7+,1,1,2024-06-28,Friday,3,109,160,68.1,In Progress,No,Sometimes,Spanish,1.3,176,94,No,No,Yes,Recommendations Only,Yes,Yes,Yes,Mobile,Roku,Dolby Vision,Dolby Atmos,4,0.74,0.17,5G,Yes,No,Alfonso Cuarón,Henry Cavill,Romantic,7.9,63,81,200,18,22.8,188.9,Re-Activated,Very High,Satisfied,12,11,32.0,33,74,17,No,0.98,Yes,2.2,0.21,0.93,102.17,1.82,-0.84,No,0,Partner Deal,CMP853367,Yes,NF9666,Found Alternative,No,Not Applicable,1,15.0,FY2024-Q2
USR484880,PRF980184,Adult,35-44,Female,Spain,Africa,Lagos,Italian,Spanish,Mobile,1.8,2015-11-11,2024-05-02,Credit Card,3095,Yes,Yes,5,1,CNT543256,Money Heist,Series,Horror,Italian,Licensed,2022,U/A 16+,7,84,2023-01-11,Wednesday,13,39,150,26.0,In Progress,Yes,Sometimes,Hindi,2.9,173,86,Yes,Yes,No,Recommendations Only,No,No,No,Mobile,Android,Dolby Vision,Surround 5.1,0,18.0,1.46,4G,No,Yes,Reed Hastings,Jitendra Kumar,Funny,7.3,83,94,179,8,61.4,413.7,New User,High,Very Satisfied,57,14,13.5,23,28,0,No,0.42,No,0,0.49,0.74,104.4,3.0,-2.58,Yes,1.49,TV Ad,CMP295200,Yes,NF3864,Too Expensive,Yes,2024-11-21,3,17.3,FY2023-Q1
USR541550,PRF612824,Kids,18-24,Prefer Not to Say,Germany,North America,Chicago,Spanish,Spanish,Basic,2.4,2019-08-10,2024-03-04,Net Banking,1668,No,Yes,1,1,CNT626236,The Crown,Stand-Up,Action,German,Co-Production,2021,U/A 16+,1,1,2024-01-19,Friday,9,59,113,52.2,In Progress,Yes,Always,Hindi,4.6,405,2,Yes,Yes,No,None,Yes,Yes,Yes,Desktop,Windows,4K HDR,Dolby Atmos,5,18.8,2.31,Fiber,Yes,No,Reed Hastings,Claire Foy,Thought-Provoking,7.4,57,66,113,43,126.1,362.6,Power User,Low,Dissatisfied,-37,19,6.5,33,48,15,No,0.2,Yes,1.0,0.57,0.13,76.8,2.36,-2.16,Yes,1.22,Email Campaign,CMP220607,No,None,Too Expensive,Yes,2024-05-05,2,47.7,FY2024-Q1
USR290580,PRF142875,Adult,35-44,Male,UK,Europe,Madrid,English,Korean,Basic,2.4,2017-02-11,2024-10-29,PayPal,2817,Yes,Yes,1,1,CNT437263,The Crown,Reality Show,Drama,French,Netflix Original,2018,U/A 13+,1,1,2023-05-30,Tuesday,13,24,24,100.0,Completed,No,Sometimes,Tamil,1.8,51,55,Yes,No,No,Recommendations Only,No,No,Yes,Smart TV,Android,Dolby Vision,Stereo,3,8.74,0.44,5G,No,No,Marta Kauffman,Omar Sy,Suspenseful,8.9,64,86,135,20,105.3,1035.2,Casual Viewer,High,Satisfied,49,12,3.9,7,34,40,Yes,0.45,No,0,1.29,0.3,55.2,1.41,-0.96,No,0,Social Media,CMP715054,Yes,NF6240,Too Expensive,No,Not Applicable,5,39.3,FY2023-Q2
USR887195,PRF634017,Teen,13-17,Prefer Not to Say,India,Europe,Madrid,Italian,Japanese,Standard,6.01,2018-05-19,2024-08-30,Net Banking,2295,Yes,Yes,1,2,CNT520320,The Crown,Documentary,Documentary,Italian,Co-Production,2019,U/A 13+,1,1,2024-07-27,Saturday,11,62,113,54.9,In Progress,Yes,Always,English,3.5,81,73,Yes,Yes,No,None,No,No,Yes,Laptop,webOS,Dolby Vision,Stereo,0,4.59,0.59,4G,Yes,Yes,Jenji Kohan,Lee Jung-jae,Thought-Provoking,5.5,67,64,124,27,79.0,758.1,New User,Medium,Neutral,-66,8,35.0,4,165,15,Yes,0.84,Yes,1.8,1.91,0.06,300.5,0.98,-0.14,No,0,Partner Deal,CMP221828,Yes,NF3711,Technical Issues,No,Not Applicable,0,31.3,FY2024-Q3
USR255539,PRF602275,Kids,25-34,Male,Japan,South Asia,Dhaka,German,Hindi,Standard,6.01,2023-02-05,2024-03-09,Net Banking,398,No,Yes,5,2,CNT294015,Emily in Paris,Anime,Drama,English,Netflix Original,2020,U/A 7+,2,22,2023-10-14,Saturday,5,7,85,8.2,Dropped,No,Never,Spanish,3.1,331,36,Yes,No,Yes,All,No,Yes,Yes,Mobile,iOS,4K HDR,Stereo,10,6.8,0.1,3G,No,Yes,Jenji Kohan,Jenna Ortega,Feel Good,9.4,89,97,28,47,112.1,532.1,Churned,Low,Dissatisfied,-2,0,4.8,1,196,41,Yes,1.31,Yes,4.18,0.44,0.27,258.43,2.07,-0.76,No,0,Word of Mouth,CMP360406,Yes,NF8109,Found Alternative,Yes,2024-04-01,0,13.2,FY2023-Q4
USR849575,PRF962752,Teen,13-17,Male,USA,South Asia,Dhaka,German,Hindi,Mobile,1.8,2021-01-30,2024-06-22,Credit Card,1239,Yes,Yes,2,1,CNT335428,Breaking Bad,Talk Show,Thriller,French,Netflix Original,2020,U/A 13+,1,1,2024-05-05,Sunday,4,12,82,14.6,Dropped,No,Always,Tamil,3.2,170,15,No,Yes,Yes,None,Yes,Yes,No,Gaming Console,Windows,Dolby Vision,Stereo,8,22.22,0.56,Fiber,No,Yes,Martin Scorsese,Lily Collins,Thought-Provoking,6.2,74,67,6,3,16.3,65.6,Binge Watcher,Low,Neutral,27,21,15.1,17,183,4,Yes,0.31,Yes,4.6,0.05,0.43,27.0,1.38,-1.07,No,0,Email Campaign,CMP255863,No,None,Not Applicable,Yes,2024-12-01,5,7.5,FY2024-Q2
USR103005,PRF313154,Shared,55+,Male,Germany,Europe,Madrid,Japanese,Portuguese,Mobile,1.8,2016-04-08,2024-10-22,Net Banking,3119,No,Yes,3,1,CNT240082,The Crown,Series,Romance,Spanish,Netflix Original,2017,U,7,63,2023-12-28,Thursday,10,113,146,77.4,In Progress,No,Sometimes,Spanish,2.9,150,58,Yes,No,Yes,All,Yes,Yes,Yes,Smart TV,Web,4K HDR,Dolby Atmos,3,9.89,2.33,WiFi,No,No,Shonda Rhimes,Nawazuddin Siddiqui,Dark,9.4,78,100,86,9,120.5,850.6,Re-Activated,Low,Dissatisfied,52,27,6.7,10,94,9,Yes,0.36,No,0,1.06,0.82,54.0,0.71,-0.35,No,0,Word of Mouth,CMP180808,Yes,NF4853,Found Alternative,Yes,2024-12-20,0,27.5,FY2023-Q4
USR292616,PRF962458,Adult,18-24,Male,South Korea,Africa,Accra,German,French,Standard,6.01,2020-04-09,2024-07-29,UPI,1572,No,Yes,4,2,CNT784405,Marriage Story,Movie,Horror,Hindi,Co-Production,2017,U/A 16+,1,1,2023-03-03,Friday,20,24,28,85.7,In Progress,No,Always,English,4.0,411,47,No,Yes,No,All,Yes,Yes,No,Gaming Console,Windows,480p,Stereo,4,23.02,1.15,5G,Yes,Yes,Ryan Murphy,Lee Jung-jae,Feel Good,7.3,40,85,109,44,142.3,762.9,Binge Watcher,Medium,Very Dissatisfied,-49,20,37.2,16,69,5,Yes,1.14,Yes,2.41,0.31,0.97,234.39,1.44,-0.3,Yes,4.72,Partner Deal,CMP928611,Yes,NF4586,Technical Issues,No,Not Applicable,3,2.7,FY2023-Q1
USR923501,PRF237570,Teen,13-17,Non-Binary,Spain,Asia Pacific,Tokyo,French,Spanish,Standard,6.01,2023-06-06,2024-05-24,Gift Card,353,No,Yes,5,2,CNT997531,Ozark,Anime,Documentary,Japanese,Licensed,2017,U,6,66,2023-04-10,Monday,10,119,124,96.0,Completed,No,Always,Korean,4.0,312,77,Yes,Yes,No,All,Yes,Yes,No,Gaming Console,iOS,4K HDR,Stereo,0,7.61,1.89,3G,No,Yes,Martin Scorsese,Jenna Ortega,Dark,5.5,91,69,7,38,119.6,664.3,Binge Watcher,High,Neutral,-78,2,7.6,50,118,16,No,0.68,No,0,0.16,0.63,306.51,1.08,-0.4,Yes,5.05,Google Search,CMP900216,No,None,Technical Issues,Yes,2023-06-14,3,31.4,FY2023-Q2
USR905533,PRF554153,Kids,35-44,Female,Mexico,Europe,London,Portuguese,Spanish,Standard,6.01,2019-07-01,2024-07-28,Credit Card,1854,Yes,No,3,2,CNT432697,Better Call Saul,Anime,Romance,Hindi,Licensed,2021,A,5,45,2023-09-27,Wednesday,21,24,30,80.0,In Progress,No,Always,German,4.9,58,35,No,Yes,Yes,Recommendations Only,Yes,Yes,No,Gaming Console,Android,Dolby Vision,Surround 5.1,4,9.71,0.49,WiFi,No,No,Reed Hastings,Lee Jung-jae,Feel Good,5.3,90,75,180,36,2.2,19.3,Casual Viewer,Low,Dissatisfied,-31,8,25.6,6,37,4,No,1.23,Yes,1.5,1.75,0.67,168.28,1.66,-0.43,No,0,App Store,CMP185678,Yes,NF2775,Technical Issues,Yes,2023-03-29,2,42.0,FY2023-Q3
USR623706,PRF431777,Shared,18-24,Male,France,Latin America,Bogotá,Portuguese,Spanish,Basic,2.4,2015-08-09,2024-02-17,Gift Card,3114,No,Yes,3,1,CNT857371,The Irishman,Stand-Up,Thriller,Korean,Netflix Original,2020,U/A 16+,1,1,2024-03-05,Tuesday,15,46,141,32.6,In Progress,Yes,Never,German,4.9,327,74,Yes,Yes,Yes,None,Yes,No,Yes,Gaming Console,Roku,720p,Surround 5.1,3,2.41,0.23,4G,Yes,Yes,Bela Bajaria,Shefali Shah,Suspenseful,7.0,98,96,100,1,84.6,769.6,New User,High,Neutral,28,26,34.8,45,128,41,No,0.54,Yes,1.96,1.97,0.94,127.2,2.56,-2.02,No,0,App Store,CMP530321,No,None,Content Not Interesting,Yes,2023-06-04,2,17.2,FY2024-Q1
USR499591,PRF220063,Adult,25-34,Female,France,Middle East,Istanbul,German,English,Premium,7.82,2019-10-21,2024-07-10,UPI,1724,Yes,Yes,5,4,CNT932308,Delhi Crime,Reality Show,Horror,Portuguese,Licensed,2019,U/A 16+,1,1,2024-12-19,Thursday,19,10,45,22.2,In Progress,No,Always,Japanese,4.2,400,28,No,No,No,Recommendations Only,No,Yes,Yes,Tablet,Android,480p,Stereo,9,23.22,0.48,4G,No,No,Bela Bajaria,Jenna Ortega,Romantic,5.5,81,61,158,27,16.4,129.1,Casual Viewer,Very High,Satisfied,57,20,16.0,4,148,27,Yes,0.8,No,0,1.01,0.81,375.36,1.22,-0.42,No,0,TV Ad,CMP509376,No,None,Temporary Pause,Yes,2023-08-17,5,8.8,FY2024-Q4
USR250753,PRF757916,Adult,35-44,Male,South Korea,Asia Pacific,Melbourne,Tamil,Japanese,Mobile,1.8,2022-01-30,2024-10-22,Credit Card,996,No,Yes,3,1,CNT216320,Roma,Mini-Series,Romance,Korean,Licensed,2016,A,1,6,2024-03-23,Saturday,0,156,180,86.7,In Progress,Yes,Always,Spanish,1.6,144,33,Yes,Yes,Yes,Recommendations Only,No,Yes,No,Smart TV,Fire TV,480p,Surround 5.1,7,16.04,5.21,WiFi,No,Yes,Alfonso Cuarón,Henry Cavill,Romantic,7.8,74,65,147,25,4.8,37.2,Power User,High,Dissatisfied,-59,5,12.3,58,46,42,Yes,0.45,Yes,1.58,1.8,0.3,72.0,2.6,-2.15,No,0,Social Media,CMP459462,Yes,NF5505,Too Expensive,No,Not Applicable,2,23.5,FY2024-Q1
USR207892,PRF711999,Teen,13-17,Non-Binary,France,Middle East,Doha,Spanish,Japanese,Basic,2.4,2020-11-07,2024-05-10,Debit Card,1280,Yes,Yes,5,1,CNT857135,Stranger Things,Movie,Animation,Italian,Licensed,2017,U/A 16+,1,1,2023-08-10,Thursday,11,18,49,36.7,In Progress,No,Sometimes,Tamil,1.1,382,34,No,Yes,No,Recommendations Only,Yes,No,No,Desktop,iOS,4K HDR,Stereo,5,17.85,0.67,WiFi,No,No,Martin Scorsese,Lily Collins,Suspenseful,5.6,45,68,69,18,72.8,699.1,Power User,Low,Very Satisfied,-54,25,13.2,51,48,22,Yes,0.54,No,0,1.49,0.5,91.2,2.87,-2.33,Yes,1.35,Social Media,CMP325636,No,None,Technical Issues,Yes,2024-12-04,5,18.2,FY2023-Q3
USR501455,PRF347906,Teen,13-17,Male,India,Europe,Berlin,French,English,Standard,6.01,2022-09-20,2024-01-06,PayPal,473,No,Yes,2,2,CNT921355,Panchayat,Anime,Action,Italian,Co-Production,2016,U,4,32,2024-09-08,Sunday,6,60,154,39.0,In Progress,No,Sometimes,Spanish,1.4,430,51,Yes,Yes,No,None,Yes,Yes,No,Smart TV,Roku,1080p,Surround 5.1,5,20.43,2.55,5G,No,No,Ryan Murphy,Omar Sy,Suspenseful,6.3,78,64,147,42,63.8,505.8,Power User,Low,Dissatisfied,-24,22,39.4,32,165,7,No,0.74,Yes,4.11,1.0,0.99,192.32,0.8,-0.06,No,0,Partner Deal,CMP207734,No,None,Temporary Pause,Yes,2024-09-07,0,11.1,FY2024-Q3
USR613911,PRF394169,Teen,13-17,Non-Binary,South Korea,Africa,Lagos,German,Hindi,Standard,6.01,2022-09-17,2024-08-11,Credit Card,694,Yes,Yes,1,2,CNT376626,Ozark,Anime,Animation,English,Licensed,2015,U,3,36,2023-02-14,Tuesday,3,14,32,43.8,In Progress,No,Never,Korean,1.3,337,82,Yes,Yes,Yes,Recommendations Only,Yes,Yes,Yes,Desktop,Tizen,4K HDR,Surround 5.1,7,3.44,0.1,4G,No,Yes,Bela Bajaria,Lee Jung-jae,Suspenseful,6.5,79,84,70,45,26.4,70.5,Binge Watcher,Very High,Satisfied,29,3,36.6,15,94,24,No,0.9,Yes,3.89,1.78,0.97,192.32,2.09,-1.19,Yes,3.61,Email Campaign,CMP750618,No,None,Not Applicable,Yes,2024-08-14,4,10.1,FY2023-Q1
USR722905,PRF389329,Shared,25-34,Prefer Not to Say,India,Latin America,Mexico City,Italian,French,Mobile,1.8,2016-08-26,2024-08-24,Credit Card,2920,Yes,Yes,2,1,CNT814248,Stranger Things,Talk Show,Thriller,French,Netflix Original,2015,U/A 7+,1,1,2024-05-02,Thursday,21,120,155,77.4,In Progress,Yes,Always,Hindi,2.4,27,4,No,Yes,Yes,None,Yes,No,Yes,Gaming Console,Roku,4K HDR,Surround 5.1,6,12.94,3.23,WiFi,Yes,No,Reed Hastings,Lee Jung-jae,Intense,5.5,75,65,91,28,32.6,158.9,Casual Viewer,High,Neutral,80,19,11.9,1,25,11,No,0.17,No,0,0.74,0.05,54.0,2.33,-2.16,No,0,TV Ad,CMP420155,Yes,NF7597,Content Not Interesting,Yes,2023-10-29,5,11.8,FY2024-Q2
USR369840,PRF795634,Shared,18-24,Prefer Not to Say,South Korea,Asia Pacific,Tokyo,French,Spanish,Basic,2.4,2015-02-22,2024-12-07,Net Banking,3576,No,Yes,4,1,CNT114219,The Witcher,Movie,Thriller,French,Licensed,2016,U/A 13+,1,1,2023-06-24,Saturday,21,16,22,72.7,In Progress,No,Never,Tamil,4.9,247,14,No,Yes,Yes,Recommendations Only,Yes,Yes,No,Tablet,Android,720p,Dolby Atmos,10,24.77,0.83,Fiber,No,No,Alfonso Cuarón,Nawazuddin Siddiqui,Dark,7.6,71,75,121,8,7.7,12.7,Casual Viewer,Very High,Very Satisfied,-30,28,25.3,35,116,33,Yes,0.63,Yes,3.9,1.55,0.1,136.8,2.34,-1.71,No,0,Google Search,CMP812052,No,None,Temporary Pause,No,Not Applicable,2,42.7,FY2023-Q2
USR797644,PRF906234,Adult,25-34,Female,Brazil,Latin America,Lima,Hindi,Korean,Standard,6.01,2021-11-13,2024-03-03,UPI,841,No,Yes,4,2,CNT249573,Mindhunter,Anime,Horror,Hindi,Co-Production,2015,U/A 7+,4,44,2023-05-31,Wednesday,14,38,58,65.5,In Progress,No,Never,Hindi,4.9,148,28,Yes,No,No,All,No,No,No,Smart TV,webOS,1080p,Dolby Atmos,0,11.62,0.92,5G,Yes,No,Bela Bajaria,Pankaj Tripathi,Intense,7.8,82,70,78,32,44.0,365.1,Re-Activated,Medium,Neutral,-66,13,22.4,20,79,5,No,0.77,Yes,0.74,0.61,0.43,288.48,2.59,-1.82,Yes,2.26,Partner Deal,CMP758840,No,None,Temporary Pause,No,Not Applicable,3,26.4,FY2023-Q2
USR212248,PRF449682,Shared,18-24,Male,India,Latin America,Bogotá,French,Portuguese,Standard,6.01,2020-04-02,2024-06-30,Net Banking,1550,No,Yes,4,2,CNT824139,Delhi Crime,Reality Show,Sci-Fi,English,Licensed,2023,U,1,1,2023-01-28,Saturday,13,13,42,31.0,In Progress,Yes,Never,Tamil,3.5,345,65,Yes,Yes,Yes,None,No,Yes,Yes,Desktop,Web,1080p,Dolby Atmos,9,22.01,0.6,5G,Yes,No,Marta Kauffman,Nawazuddin Siddiqui,Light-Hearted,6.4,55,97,132,24,20.0,122.4,New User,Low,Very Satisfied,-61,19,35.3,34,25,15,Yes,0.55,No,0,0.25,0.67,210.35,2.52,-1.97,No,0,Social Media,CMP596754,Yes,NF5426,Not Applicable,Yes,2023-03-28,0,40.1,FY2023-Q1
USR579285,PRF225961,Teen,13-17,Prefer Not to Say,USA,Latin America,Bogotá,English,Portuguese,Standard,6.01,2019-07-16,2024-09-04,UPI,1877,Yes,Yes,5,2,CNT135739,Lupin,Talk Show,Crime,Hindi,Co-Production,2021,A,1,1,2023-05-30,Tuesday,20,10,25,40.0,In Progress,No,Always,Japanese,1.6,492,17,No,No,No,All,Yes,No,Yes,Laptop,Roku,Dolby Vision,Stereo,7,7.61,0.16,4G,Yes,No,Marta Kauffman,Phoebe Dynevor,Funny,8.4,55,70,131,48,105.2,337.0,Re-Activated,Medium,Neutral,100,24,26.5,60,101,4,No,1.36,No,0,0.73,0.28,180.3,2.24,-0.88,Yes,3.32,App Store,CMP594668,Yes,NF1458,Found Alternative,No,Not Applicable,4,31.8,FY2023-Q2
USR832667,PRF571345,Shared,25-34,Prefer Not to Say,France,Middle East,Doha,Spanish,Korean,Standard,6.01,2021-07-22,2024-11-12,Gift Card,1209,No,Yes,1,2,CNT683499,Money Heist,Movie,Thriller,Korean,Netflix Original,2016,U/A 7+,1,1,2024-11-12,Tuesday,3,126,147,85.7,In Progress,No,Sometimes,German,2.3,347,36,Yes,Yes,Yes,Recommendations Only,Yes,Yes,Yes,Desktop,iOS,720p,Stereo,6,23.1,6.06,4G,Yes,No,Scott Stuber,Lily Collins,Dark,6.0,89,75,27,12,109.5,521.7,Binge Watcher,Medium,Very Dissatisfied,27,6,33.4,37,122,32,No,0.56,No,0,0.23,0.85,60.1,1.6,-1.04,No,0,Google Search,CMP748522,No,None,Too Expensive,Yes,2023-06-28,4,41.0,FY2024-Q4
USR541875,PRF373553,Adult,35-44,Female,Germany,Africa,Lagos,Japanese,Japanese,Mobile,1.8,2016-06-04,2024-09-21,Credit Card,3031,No,Yes,1,1,CNT246054,Squid Game,Talk Show,Action,English,Netflix Original,2024,A,1,1,2024-07-07,Sunday,10,12,25,48.0,In Progress,No,Never,English,4.3,120,63,Yes,Yes,No,All,No,Yes,No,Mobile,webOS,480p,Stereo,2,24.22,0.61,WiFi,No,Yes,Bela Bajaria,Jason Bateman,Funny,6.3,93,76,100,46,54.3,484.1,Binge Watcher,Medium,Very Satisfied,-86,0,31.1,52,51,34,No,0.17,Yes,4.34,1.86,0.5,55.8,2.05,-1.88,Yes,1.47,TV Ad,CMP816801,Yes,NF1528,Found Alternative,No,Not Applicable,5,1.4,FY2024-Q3
USR789525,PRF228320,Shared,35-44,Male,Brazil,Latin America,São Paulo,Hindi,Spanish,Premium,7.82,2021-02-28,2024-03-11,Gift Card,1107,Yes,No,1,4,CNT315860,Cobra Kai,Anime,Romance,Korean,Licensed,2020,U/A 13+,4,24,2023-09-01,Friday,7,42,43,97.7,Completed,Yes,Sometimes,French,1.0,482,46,No,Yes,No,Recommendations Only,Yes,Yes,No,Tablet,Fire TV,1080p,Stereo,3,20.41,1.79,4G,Yes,Yes,Martin Scorsese,Nawazuddin Siddiqui,Light-Hearted,6.9,88,94,146,3,148.6,241.7,New User,High,Satisfied,-91,7,28.1,42,196,29,Yes,0.76,Yes,2.47,0.57,0.31,344.08,2.14,-1.38,Yes,7.81,Social Media,CMP623142,No,None,Technical Issues,Yes,2024-09-12,0,13.3,FY2023-Q3
USR506963,PRF856334,Teen,13-17,Non-Binary,Spain,Middle East,Istanbul,Italian,French,Mobile,1.8,2018-02-17,2024-11-08,Net Banking,2456,No,Yes,4,1,CNT700417,Stranger Things,Reality Show,Documentary,German,Co-Production,2015,A,1,1,2023-08-18,Friday,6,28,117,23.9,In Progress,No,Always,Portuguese,3.6,239,95,Yes,Yes,Yes,Recommendations Only,No,Yes,Yes,Gaming Console,webOS,1080p,Dolby Atmos,9,18.98,1.11,3G,Yes,No,Bela Bajaria,Claire Foy,Thought-Provoking,7.4,82,79,9,35,114.7,1085.8,Re-Activated,Low,Very Satisfied,-22,18,26.6,54,68,11,No,0.28,No,0,1.62,0.59,97.2,0.57,-0.29,No,0,App Store,CMP118105,Yes,NF2789,Temporary Pause,No,Not Applicable,3,0.9,FY2023-Q3
USR853212,PRF146906,Adult,55+,Female,Germany,North America,Toronto,Japanese,English,Premium,7.82,2015-08-28,2024-10-23,Credit Card,3344,Yes,No,5,4,CNT631562,Narcos,Anime,Comedy,German,Licensed,2017,U,3,36,2023-10-10,Tuesday,8,37,146,25.3,In Progress,Yes,Always,Korean,1.9,166,73,No,No,Yes,None,No,No,Yes,Smart TV,Windows,Dolby Vision,Surround 5.1,2,17.27,1.33,5G,No,No,Reed Hastings,Claire Foy,Feel Good,5.8,95,99,168,4,35.7,252.2,Casual Viewer,High,Very Satisfied,-26,29,6.4,38,7,6,Yes,2.11,No,0,0.08,0.72,70.38,2.88,-0.77,No,0,Email Campaign,CMP428315,Yes,NF6789,Temporary Pause,No,Not Applicable,4,34.5,FY2023-Q4
USR221023,PRF826739,Adult,55+,Female,Mexico,South Asia,Dhaka,German,Korean,Premium,7.82,2021-07-14,2024-01-17,Net Banking,917,Yes,No,1,4,CNT479459,Wednesday,Documentary,Crime,Italian,Netflix Original,2024,U/A 13+,1,1,2024-10-07,Monday,17,73,127,57.5,In Progress,Yes,Sometimes,German,3.9,309,29,No,No,Yes,None,Yes,Yes,No,Desktop,Web,Dolby Vision,Surround 5.1,5,7.09,1.08,5G,No,No,Ryan Murphy,Álvaro Morte,Romantic,8.8,73,63,156,31,99.2,587.5,Power User,Medium,Very Dissatisfied,26,20,35.3,13,47,29,Yes,2.06,No,0,1.82,0.33,445.74,2.42,-0.36,No,0,Word of Mouth,CMP226656,No,None,Not Applicable,Yes,2024-04-11,3,13.0,FY2024-Q4
USR903162,PRF718196,Shared,18-24,Male,India,Middle East,Istanbul,Spanish,English,Mobile,1.8,2022-09-27,2024-03-26,Gift Card,546,Yes,Yes,5,1,CNT721856,Power,Reality Show,Documentary,Japanese,Licensed,2017,U/A 16+,1,1,2024-02-16,Friday,22,66,162,40.7,In Progress,No,Sometimes,German,3.8,90,65,No,Yes,Yes,Recommendations Only,No,No,Yes,Gaming Console,Roku,1080p,Surround 5.1,0,2.31,0.32,3G,No,Yes,David Fincher,Millie Bobby Brown,Light-Hearted,5.5,97,81,152,39,92.9,924.4,Power User,High,Very Dissatisfied,57,10,4.4,19,43,7,No,0.51,No,0,1.82,0.63,95.4,2.59,-2.08,No,0,Google Search,CMP610274,Yes,NF4005,Not Applicable,No,Not Applicable,3,11.1,FY2024-Q1
USR631691,PRF451626,Adult,45-54,Non-Binary,Spain,Europe,Berlin,German,Korean,Standard,6.01,2016-07-31,2024-02-19,PayPal,2759,Yes,Yes,1,2,CNT637756,Black Mirror,Movie,Animation,Italian,Co-Production,2018,U,1,1,2023-01-07,Saturday,15,16,26,61.5,In Progress,No,Always,Portuguese,1.8,51,90,No,Yes,Yes,None,Yes,Yes,Yes,Gaming Console,Roku,720p,Dolby Atmos,4,22.99,0.77,4G,No,No,David Fincher,Louis Hofmann,Intense,9.2,76,87,188,29,78.6,673.1,Re-Activated,Very High,Neutral,-67,6,25.6,6,133,46,Yes,1.43,Yes,2.5,0.86,0.26,84.14,2.98,-1.55,Yes,5.85,Social Media,CMP555416,Yes,NF6359,Content Not Interesting,Yes,2023-08-16,0,23.8,FY2023-Q1
USR730255,PRF532016,Teen,13-17,Female,South Korea,Middle East,Riyadh,English,Spanish,Premium,7.82,2022-09-18,2024-05-14,UPI,604,No,Yes,5,4,CNT632139,Dark,Anime,Sci-Fi,Italian,Netflix Original,2017,U/A 16+,3,36,2023-08-26,Saturday,9,130,144,90.3,In Progress,Yes,Never,Japanese,4.2,133,86,No,No,No,Recommendations Only,No,No,No,Smart TV,webOS,4K HDR,Dolby Atmos,4,10.78,2.92,4G,No,Yes,Martin Scorsese,Louis Hofmann,Romantic,6.8,62,94,124,19,15.4,37.8,Casual Viewer,Medium,Very Dissatisfied,-48,24,25.2,40,157,21,Yes,1.39,Yes,3.48,0.23,0.46,203.32,2.15,-0.76,No,0,Partner Deal,CMP665987,Yes,NF8925,Technical Issues,No,Not Applicable,0,45.6,FY2023-Q3
USR958045,PRF876497,Shared,55+,Non-Binary,India,North America,Chicago,Hindi,English,Mobile,1.8,2022-05-06,2024-01-26,Credit Card,630,Yes,No,5,1,CNT629016,Ozark,Mini-Series,Animation,Portuguese,Co-Production,2018,U/A 16+,3,36,2023-06-15,Thursday,11,57,104,54.8,In Progress,Yes,Always,Italian,1.9,309,19,Yes,No,Yes,None,No,No,No,Gaming Console,Android,1080p,Surround 5.1,8,10.25,1.22,3G,Yes,Yes,Martin Scorsese,Henry Cavill,Funny,8.3,100,60,10,2,113.5,678.2,Power User,High,Dissatisfied,-77,7,38.7,36,72,30,No,0.34,Yes,1.77,0.05,0.63,90.0,1.12,-0.78,No,0,TV Ad,CMP659104,No,None,Content Not Interesting,Yes,2024-01-22,4,12.1,FY2023-Q2
USR319387,PRF891714,Adult,25-34,Prefer Not to Say,Brazil,North America,Chicago,Italian,French,Premium,7.82,2017-07-06,2024-10-22,UPI,2665,Yes,No,2,4,CNT783680,Panchayat,Anime,Sci-Fi,Tamil,Netflix Original,2016,U/A 13+,6,48,2023-12-07,Thursday,4,11,41,26.8,In Progress,No,Never,German,3.2,263,71,Yes,Yes,No,None,Yes,No,Yes,Smart TV,Web,Dolby Vision,Dolby Atmos,7,13.32,0.31,WiFi,Yes,Yes,Reed Hastings,Shefali Shah,Dark,5.9,100,91,152,16,13.5,66.5,New User,Very High,Dissatisfied,-57,20,32.2,32,36,47,No,2.07,Yes,0.77,0.99,0.41,414.46,1.34,0.73,Yes,1.25,App Store,CMP109708,Yes,NF5393,Not Applicable,No,Not Applicable,2,6.1,FY2023-Q4
USR397992,PRF960623,Shared,25-34,Prefer Not to Say,France,Asia Pacific,Sydney,Tamil,Korean,Basic,2.4,2016-08-02,2024-05-28,UPI,2856,Yes,No,5,1,CNT485115,Black Mirror,Stand-Up,Sci-Fi,German,Co-Production,2018,U/A 16+,1,1,2023-12-05,Tuesday,23,15,54,27.8,In Progress,No,Never,Italian,3.1,328,84,Yes,Yes,Yes,All,Yes,No,Yes,Laptop,iOS,720p,Dolby Atmos,0,8.14,0.25,Broadband,No,No,Marta Kauffman,Pankaj Tripathi,Thought-Provoking,8.7,40,80,107,12,23.4,48.4,Re-Activated,Very High,Satisfied,-57,0,31.4,14,24,39,Yes,0.29,Yes,2.92,0.66,0.06,84.0,1.99,-1.7,Yes,1.49,Word of Mouth,CMP272824,Yes,NF4156,Found Alternative,Yes,2023-12-20,3,42.0,FY2023-Q4
USR996922,PRF588715,Shared,18-24,Non-Binary,USA,Asia Pacific,Tokyo,Portuguese,Hindi,Premium,7.82,2022-06-16,2024-08-29,Gift Card,805,No,Yes,3,4,CNT686986,Better Call Saul,Series,Action,Italian,Netflix Original,2021,U/A 16+,4,48,2024-01-30,Tuesday,22,95,141,67.4,In Progress,No,Always,English,2.2,100,56,No,Yes,Yes,None,No,No,Yes,Laptop,webOS,Dolby Vision,Stereo,4,17.93,3.55,Broadband,No,Yes,Martin Scorsese,Henry Cavill,Funny,7.3,73,65,155,14,143.3,1366.6,Power User,Low,Neutral,-30,20,2.8,37,8,45,No,2.07,No,0,0.98,0.79,383.18,0.8,1.27,No,0,Partner Deal,CMP762951,Yes,NF1414,Found Alternative,No,Not Applicable,3,23.8,FY2024-Q1
USR965125,PRF898273,Teen,13-17,Female,India,Latin America,Lima,French,English,Standard,6.01,2015-04-29,2024-11-09,Debit Card,3482,Yes,Yes,2,2,CNT564937,Wednesday,Reality Show,Comedy,English,Netflix Original,2022,U/A 13+,1,1,2024-10-14,Monday,22,15,35,42.9,In Progress,Yes,Never,Italian,1.4,209,22,Yes,No,No,None,No,Yes,No,Tablet,iOS,Dolby Vision,Surround 5.1,10,21.28,0.67,WiFi,Yes,Yes,David Fincher,Nawazuddin Siddiqui,Dark,7.4,94,72,168,40,110.9,479.9,Casual Viewer,High,Very Dissatisfied,60,30,1.3,11,3,13,No,0.9,Yes,4.58,1.17,0.94,234.39,0.54,0.36,No,0,App Store,CMP185222,Yes,NF2064,Content Not Interesting,No,Not Applicable,5,45.3,FY2024-Q4
USR638205,PRF910978,Kids,25-34,Female,South Korea,Asia Pacific,Seoul,French,Hindi,Standard,6.01,2016-12-30,2024-05-22,Net Banking,2700,Yes,No,4,2,CNT373516,Dark,Documentary,Horror,Korean,Netflix Original,2017,U,1,1,2023-10-30,Monday,8,72,132,54.5,In Progress,Yes,Sometimes,Spanish,1.4,239,75,No,No,No,None,Yes,No,Yes,Desktop,Windows,480p,Stereo,10,20.88,3.13,3G,No,No,Bela Bajaria,Henry Cavill,Dark,6.6,63,82,198,42,78.9,674.7,Casual Viewer,High,Neutral,-59,14,22.1,49,6,28,No,0.53,No,0,0.31,0.57,300.5,1.58,-1.05,No,0,Partner Deal,CMP703943,No,None,Too Expensive,Yes,2023-12-17,5,21.2,FY2023-Q4
USR582961,PRF100884,Shared,25-34,Female,UK,Latin America,Bogotá,Korean,Hindi,Premium,7.82,2022-08-11,2024-07-24,UPI,713,No,Yes,1,4,CNT422465,You,Documentary,Animation,Hindi,Netflix Original,2021,U/A 7+,1,1,2024-03-12,Tuesday,8,107,167,64.1,In Progress,Yes,Always,Portuguese,3.4,46,92,Yes,Yes,No,All,No,Yes,No,Smart TV,Fire TV,Dolby Vision,Dolby Atmos,9,18.92,4.22,3G,Yes,No,Scott Stuber,Shefali Shah,Funny,5.7,50,79,153,45,141.5,451.0,Re-Activated,Medium,Very Satisfied,-1,4,13.1,60,35,25,No,0.85,No,0,1.58,0.05,86.02,1.27,-0.42,Yes,6.47,Google Search,CMP959613,No,None,Content Not Interesting,No,Not Applicable,5,35.2,FY2024-Q1
USR815485,PRF642479,Kids,45-54,Male,Brazil,Latin America,Lima,German,Japanese,Premium,7.82,2022-07-06,2024-10-27,Credit Card,844,Yes,Yes,5,4,CNT463108,Bridgerton,Documentary,Romance,Japanese,Co-Production,2020,U,1,1,2024-05-28,Tuesday,0,158,176,89.8,In Progress,No,Always,Spanish,4.0,163,16,No,No,Yes,Recommendations Only,No,No,Yes,Laptop,Roku,1080p,Dolby Atmos,6,2.77,0.91,Fiber,Yes,No,Jenji Kohan,Phoebe Dynevor,Funny,9.1,81,74,36,32,29.0,95.6,Re-Activated,High,Very Dissatisfied,-7,3,31.5,28,137,48,No,1.29,Yes,2.42,0.57,0.39,453.56,1.7,-0.41,No,0,Email Campaign,CMP807494,Yes,NF3679,Technical Issues,No,Not Applicable,0,7.6,FY2024-Q2
USR388039,PRF462163,Shared,18-24,Prefer Not to Say,Spain,Asia Pacific,Melbourne,Tamil,Hindi,Premium,7.82,2015-07-18,2024-08-25,PayPal,3326,No,Yes,1,4,CNT960341,Squid Game,Talk Show,Sci-Fi,Japanese,Co-Production,2015,A,1,1,2024-09-05,Thursday,21,37,114,32.5,In Progress,No,Always,Hindi,2.7,167,47,Yes,Yes,Yes,Recommendations Only,Yes,No,No,Tablet,Roku,480p,Stereo,0,11.45,0.88,Fiber,No,Yes,Scott Stuber,Álvaro Morte,Light-Hearted,8.0,89,61,139,18,27.6,125.1,Churned,High,Neutral,57,16,21.8,51,63,44,Yes,1.14,Yes,3.18,0.71,0.04,414.46,1.49,-0.35,Yes,1.57,Google Search,CMP701186,Yes,NF9084,Technical Issues,Yes,2023-05-10,3,10.7,FY2024-Q3
USR463191,PRF962588,Adult,25-34,Prefer Not to Say,South Korea,Latin America,Buenos Aires,Spanish,French,Premium,7.82,2017-01-12,2024-12-13,PayPal,2892,No,Yes,3,4,CNT623212,Stranger Things,Reality Show,Action,English,Netflix Original,2021,A,1,1,2024-11-03,Sunday,4,39,90,43.3,In Progress,Yes,Never,Portuguese,2.8,130,51,Yes,Yes,No,None,No,Yes,Yes,Desktop,Windows,1080p,Surround 5.1,3,2.06,0.17,5G,No,No,Shonda Rhimes,Jenna Ortega,Intense,8.6,80,80,25,15,34.5,259.7,Churned,High,Very Dissatisfied,10,13,39.8,2,193,18,No,1.12,No,0,1.18,0.63,211.14,1.85,-0.73,No,0,Word of Mouth,CMP493514,No,None,Found Alternative,Yes,2023-12-18,4,6.8,FY2024-Q4
USR708339,PRF784829,Adult,35-44,Prefer Not to Say,India,Middle East,Dubai,Portuguese,French,Standard,6.01,2017-01-01,2024-03-22,Debit Card,2637,No,Yes,5,2,CNT767331,Delhi Crime,Anime,Action,Portuguese,Netflix Original,2024,A,3,24,2024-01-07,Sunday,20,47,47,100.0,Completed,Yes,Always,Tamil,4.5,317,64,Yes,No,Yes,Recommendations Only,Yes,Yes,No,Desktop,iOS,1080p,Stereo,6,12.62,1.24,Fiber,No,Yes,David Fincher,Louis Hofmann,Suspenseful,9.3,88,100,82,33,80.8,390.5,Re-Activated,Medium,Satisfied,20,29,28.7,13,83,8,No,1.09,No,0,0.31,0.87,186.31,1.22,-0.13,No,0,Social Media,CMP132390,Yes,NF2610,Technical Issues,No,Not Applicable,1,27.9,FY2024-Q1
USR208656,PRF253075,Adult,35-44,Non-Binary,Mexico,Latin America,Mexico City,Tamil,Japanese,Premium,7.82,2020-08-10,2024-11-24,Credit Card,1567,Yes,No,2,4,CNT857065,Dark,Talk Show,Comedy,English,Netflix Original,2015,U/A 13+,1,1,2024-11-29,Friday,21,115,124,92.7,In Progress,No,Never,Japanese,3.1,72,31,No,Yes,No,All,No,Yes,No,Desktop,Fire TV,720p,Surround 5.1,9,16.35,3.92,5G,No,No,Bela Bajaria,Pankaj Tripathi,Funny,7.1,64,64,107,17,132.6,804.5,Re-Activated,High,Very Dissatisfied,-30,19,1.9,9,38,33,No,1.54,Yes,2.47,1.66,0.06,445.74,1.5,0.04,Yes,3.48,Social Media,CMP331757,No,None,Too Expensive,No,Not Applicable,2,27.3,FY2024-Q4
USR277336,PRF650750,Shared,55+,Prefer Not to Say,Spain,South Asia,Bangalore,Spanish,French,Premium,7.82,2022-12-30,2024-08-13,Net Banking,592,No,Yes,2,4,CNT114923,Don't Look Up,Mini-Series,Thriller,Tamil,Co-Production,2019,U,7,63,2023-09-21,Thursday,20,8,78,10.3,Dropped,No,Always,French,4.4,105,28,Yes,No,Yes,None,Yes,No,No,Tablet,Android,Dolby Vision,Stereo,8,10.44,0.17,Fiber,Yes,No,Shonda Rhimes,Jason Bateman,Dark,7.6,49,97,4,17,55.3,322.0,Binge Watcher,Low,Neutral,41,30,21.6,48,138,5,Yes,1.69,Yes,4.88,1.29,0.59,297.16,1.29,0.4,No,0,App Store,CMP694230,No,None,Not Applicable,No,Not Applicable,4,12.3,FY2023-Q3
USR854955,PRF564143,Shared,18-24,Female,UK,Asia Pacific,Seoul,Tamil,Japanese,Basic,2.4,2015-06-14,2024-11-07,PayPal,3434,No,Yes,5,1,CNT744259,Lupin,Series,Action,Hindi,Licensed,2017,U,5,40,2023-03-04,Saturday,6,36,78,46.2,In Progress,No,Sometimes,Tamil,3.3,138,63,Yes,No,No,None,No,No,No,Gaming Console,Tizen,1080p,Surround 5.1,3,12.22,0.92,Fiber,No,No,Ryan Murphy,Pankaj Tripathi,Intense,7.6,69,66,138,4,48.5,334.1,Power User,Low,Neutral,30,15,20.1,12,17,48,No,0.43,No,0,0.39,0.54,45.6,2.0,-1.57,No,0,TV Ad,CMP419439,No,None,Too Expensive,Yes,2024-08-18,0,44.5,FY2023-Q1
USR862010,PRF471126,Adult,18-24,Non-Binary,France,Latin America,Buenos Aires,German,Spanish,Basic,2.4,2017-05-23,2024-06-06,Net Banking,2571,No,Yes,3,1,CNT690648,The Irishman,Talk Show,Comedy,French,Licensed,2024,U/A 16+,1,1,2023-08-04,Friday,18,25,59,42.4,In Progress,Yes,Sometimes,English,1.6,495,52,No,Yes,No,Recommendations Only,Yes,Yes,Yes,Desktop,webOS,1080p,Surround 5.1,8,24.54,1.28,WiFi,No,No,Scott Stuber,Phoebe Dynevor,Light-Hearted,8.4,90,70,41,40,99.7,425.5,Casual Viewer,Very High,Neutral,-73,2,10.1,21,186,30,No,0.54,No,0,1.56,0.27,52.8,1.68,-1.14,No,0,Social Media,CMP919176,Yes,NF6017,Found Alternative,No,Not Applicable,5,19.0,FY2023-Q3
USR325247,PRF293084,Shared,25-34,Non-Binary,UK,South Asia,Karachi,German,Hindi,Mobile,1.8,2016-02-20,2024-01-29,Net Banking,2900,No,Yes,3,1,CNT479798,Narcos,Anime,Sci-Fi,French,Licensed,2016,U/A 7+,4,28,2023-03-17,Friday,10,110,125,88.0,In Progress,No,Sometimes,Tamil,1.6,382,2,Yes,Yes,No,Recommendations Only,No,No,Yes,Gaming Console,Android,Dolby Vision,Surround 5.1,9,13.89,3.18,WiFi,No,Yes,Jenji Kohan,Shefali Shah,Suspenseful,5.7,59,96,52,36,14.1,50.5,Churned,Very High,Neutral,47,10,25.6,48,20,36,Yes,0.41,No,0,1.38,0.14,99.0,0.67,-0.26,No,0,Partner Deal,CMP918506,No,None,Not Applicable,No,Not Applicable,0,25.8,FY2023-Q1
USR704877,PRF260017,Adult,45-54,Female,India,Africa,Addis Ababa,Spanish,Hindi,Mobile,1.8,2023-08-09,2024-12-16,UPI,495,No,Yes,3,1,CNT290407,Panchayat,Talk Show,Thriller,Japanese,Netflix Original,2016,U,1,1,2023-07-06,Thursday,20,91,167,54.5,In Progress,Yes,Always,Italian,2.8,178,8,No,No,Yes,None,Yes,Yes,No,Mobile,Roku,1080p,Stereo,6,0.96,0.18,4G,No,Yes,David Fincher,Jitendra Kumar,Funny,8.5,87,87,6,26,86.6,134.6,New User,Very High,Very Satisfied,13,27,29.9,48,54,24,Yes,0.23,No,0,0.3,0.86,77.4,2.19,-1.96,No,0,App Store,CMP559849,Yes,NF6810,Not Applicable,No,Not Applicable,3,9.9,FY2023-Q3
USR116619,PRF388060,Teen,13-17,Non-Binary,Mexico,Africa,Accra,English,Hindi,Mobile,1.8,2016-12-18,2024-09-16,Debit Card,2829,Yes,Yes,2,1,CNT285973,Squid Game,Talk Show,Crime,Japanese,Co-Production,2020,U,1,1,2024-03-01,Friday,6,16,73,21.9,In Progress,Yes,Never,Spanish,4.2,71,88,No,Yes,Yes,None,Yes,No,No,Gaming Console,Roku,720p,Surround 5.1,6,10.31,0.34,4G,Yes,Yes,David Fincher,Phoebe Dynevor,Dark,6.6,56,92,29,30,3.4,16.1,Casual Viewer,Low,Dissatisfied,-48,9,16.4,24,68,39,No,0.48,No,0,0.72,0.31,18.0,1.59,-1.11,No,0,Social Media,CMP921316,Yes,NF7384,Technical Issues,Yes,2024-12-19,0,16.3,FY2024-Q1
USR199393,PRF852110,Kids,35-44,Prefer Not to Say,South Korea,Latin America,São Paulo,French,Portuguese,Premium,7.82,2023-07-21,2024-11-02,Credit Card,470,Yes,Yes,1,4,CNT361912,Stranger Things,Anime,Action,Hindi,Netflix Original,2021,U/A 13+,1,6,2024-05-02,Thursday,14,114,126,90.5,In Progress,Yes,Never,French,4.6,168,90,No,No,Yes,Recommendations Only,No,No,Yes,Gaming Console,Android,4K HDR,Dolby Atmos,4,3.64,0.86,WiFi,Yes,Yes,Shonda Rhimes,Jenna Ortega,Feel Good,7.0,94,98,164,1,47.4,260.3,Casual Viewer,Medium,Dissatisfied,-18,0,23.1,31,89,12,No,1.75,No,0,1.91,0.67,93.84,1.69,0.06,Yes,1.86,App Store,CMP325272,Yes,NF2346,Not Applicable,Yes,2023-05-27,3,30.0,FY2024-Q2
USR869038,PRF880765,Shared,55+,Non-Binary,India,Middle East,Istanbul,Italian,Portuguese,Standard,6.01,2017-02-02,2024-05-10,Debit Card,2654,No,Yes,4,2,CNT690225,The Irishman,Talk Show,Comedy,Japanese,Co-Production,2023,A,1,1,2023-09-27,Wednesday,2,59,113,52.2,In Progress,Yes,Never,Japanese,3.6,276,29,Yes,No,Yes,All,Yes,Yes,Yes,Gaming Console,Roku,720p,Surround 5.1,4,3.59,0.44,WiFi,No,No,Scott Stuber,Jitendra Kumar,Romantic,9.3,48,66,59,30,124.7,314.5,Power User,Very High,Neutral,-66,23,37.6,1,20,16,No,0.94,No,0,0.87,0.98,66.11,2.92,-1.98,Yes,2.99,Word of Mouth,CMP869089,Yes,NF1273,Content Not Interesting,Yes,2023-05-26,4,28.7,FY2023-Q3
USR739668,PRF576438,Adult,18-24,Female,Brazil,North America,New York,Hindi,Japanese,Basic,2.4,2019-05-22,2024-03-22,PayPal,1766,No,Yes,4,1,CNT457959,Mindhunter,Documentary,Action,Japanese,Licensed,2016,U,1,1,2023-08-20,Sunday,8,30,55,54.5,In Progress,No,Sometimes,Hindi,1.5,320,59,No,Yes,No,Recommendations Only,Yes,Yes,Yes,Desktop,Windows,720p,Dolby Atmos,5,0.76,0.05,3G,No,No,Shonda Rhimes,Henry Cavill,Dark,8.3,100,69,53,29,22.2,85.3,Binge Watcher,High,Neutral,63,16,13.5,43,65,22,Yes,0.25,No,0,1.05,0.77,105.6,1.68,-1.43,No,0,Social Media,CMP206043,Yes,NF9867,Not Applicable,No,Not Applicable,5,38.8,FY2023-Q3
USR880545,PRF915404,Shared,18-24,Prefer Not to Say,Germany,Europe,Rome,English,Hindi,Mobile,1.8,2023-10-04,2024-12-28,Gift Card,451,No,Yes,5,1,CNT289517,Black Mirror,Reality Show,Crime,Italian,Netflix Original,2021,U/A 13+,1,1,2023-02-13,Monday,19,42,47,89.4,In Progress,Yes,Sometimes,Portuguese,4.4,410,3,No,No,No,None,No,No,Yes,Laptop,Fire TV,480p,Surround 5.1,9,16.98,1.49,3G,No,Yes,Alfonso Cuarón,Omar Sy,Suspenseful,7.9,46,96,25,8,145.0,511.6,Re-Activated,Very High,Neutral,99,26,7.3,32,23,21,No,0.5,No,0,1.63,0.72,14.4,1.37,-0.87,No,0,Partner Deal,CMP664380,Yes,NF7532,Not Applicable,No,Not Applicable,5,38.7,FY2023-Q1
USR470985,PRF516029,Teen,13-17,Female,Spain,Europe,Berlin,Portuguese,English,Mobile,1.8,2022-03-04,2024-07-26,PayPal,875,No,Yes,5,1,CNT954141,Breaking Bad,Mini-Series,Documentary,Korean,Licensed,2019,A,7,77,2024-05-12,Sunday,11,61,106,57.5,In Progress,Yes,Sometimes,Korean,4.6,226,5,Yes,Yes,No,All,No,Yes,Yes,Mobile,Tizen,4K HDR,Dolby Atmos,8,17.66,2.24,4G,Yes,Yes,Martin Scorsese,Lee Jung-jae,Feel Good,8.4,50,80,5,8,29.3,121.3,Churned,Very High,Dissatisfied,6,17,22.3,37,50,26,Yes,0.37,Yes,2.29,1.39,0.2,19.8,2.28,-1.91,No,0,Email Campaign,CMP643761,Yes,NF6573,Temporary Pause,No,Not Applicable,4,19.5,FY2024-Q2
USR781865,PRF160341,Shared,55+,Non-Binary,Spain,Middle East,Istanbul,German,Japanese,Standard,6.01,2019-11-02,2024-07-08,PayPal,1710,No,Yes,2,2,CNT255063,The Witcher,Anime,Comedy,Spanish,Netflix Original,2020,U/A 13+,7,84,2024-12-20,Friday,7,153,157,97.5,Completed,Yes,Never,French,1.5,291,32,Yes,No,No,None,Yes,No,Yes,Desktop,Fire TV,1080p,Dolby Atmos,9,6.08,1.94,Fiber,No,No,Alfonso Cuarón,Lily Collins,Romantic,9.4,90,92,182,31,80.8,193.2,Casual Viewer,High,Very Satisfied,56,1,28.6,23,151,7,Yes,0.94,Yes,2.59,1.15,0.05,270.45,1.59,-0.65,No,0,Partner Deal,CMP166719,Yes,NF8347,Temporary Pause,Yes,2023-06-25,4,20.2,FY2024-Q4
USR121391,PRF735604,Adult,45-54,Male,UK,Europe,Paris,Italian,English,Basic,2.4,2015-05-01,2024-11-28,PayPal,3499,No,Yes,1,1,CNT491272,The Witcher,Series,Comedy,Portuguese,Netflix Original,2024,U/A 7+,6,66,2024-02-01,Thursday,13,94,117,80.3,In Progress,Yes,Never,English,2.9,2,41,No,No,Yes,None,No,Yes,Yes,Mobile,Fire TV,720p,Dolby Atmos,4,12.74,2.49,4G,No,Yes,David Fincher,Lily Collins,Suspenseful,8.8,51,66,80,23,27.4,141.3,Churned,Medium,Dissatisfied,80,27,35.2,12,130,9,No,0.29,No,0,0.4,0.35,112.8,2.08,-1.79,No,0,Social Media,CMP752300,Yes,NF9583,Found Alternative,No,Not Applicable,0,44.9,FY2024-Q1
USR569661,PRF900611,Adult,25-34,Female,Spain,Africa,Lagos,French,Korean,Basic,2.4,2016-02-13,2024-09-11,Net Banking,3133,Yes,Yes,5,1,CNT523874,You,Anime,Sci-Fi,Italian,Licensed,2021,U/A 16+,7,63,2023-04-30,Sunday,21,21,161,13.0,Dropped,Yes,Sometimes,English,2.4,251,13,No,No,No,Recommendations Only,No,No,Yes,Gaming Console,Android,720p,Stereo,7,20.37,0.89,5G,Yes,No,Shonda Rhimes,Omar Sy,Feel Good,6.6,55,91,49,26,7.2,14.4,New User,High,Dissatisfied,-52,11,38.6,4,176,27,Yes,0.67,Yes,4.31,0.18,0.65,93.6,1.91,-1.24,No,0,Partner Deal,CMP488837,No,None,Content Not Interesting,Yes,2023-10-17,5,33.7,FY2023-Q2
USR823812,PRF110724,Shared,18-24,Prefer Not to Say,Germany,Europe,London,Portuguese,French,Mobile,1.8,2023-01-03,2024-04-14,UPI,467,No,Yes,2,1,CNT983566,Mindhunter,Movie,Drama,Portuguese,Netflix Original,2018,U/A 16+,1,1,2024-12-06,Friday,3,5,94,5.3,Dropped,No,Never,English,4.6,320,88,No,Yes,No,All,Yes,Yes,Yes,Smart TV,Web,4K HDR,Stereo,6,1.6,0.02,4G,No,Yes,Martin Scorsese,Henry Cavill,Romantic,8.0,98,81,46,25,124.2,578.8,Binge Watcher,High,Neutral,45,8,4.8,8,102,12,Yes,0.2,Yes,3.3,0.52,0.92,88.2,1.93,-1.73,No,0,Partner Deal,CMP987571,No,None,Technical Issues,Yes,2024-10-31,3,10.0,FY2024-Q4
USR984392,PRF357714,Adult,35-44,Non-Binary,Germany,Middle East,Dubai,Italian,Hindi,Mobile,1.8,2019-05-09,2024-04-04,Debit Card,1792,Yes,Yes,2,1,CNT673700,Delhi Crime,Anime,Sci-Fi,Spanish,Licensed,2022,U,5,60,2023-02-12,Sunday,21,53,148,35.8,In Progress,Yes,Never,Hindi,4.1,209,66,Yes,Yes,No,Recommendations Only,Yes,Yes,Yes,Desktop,Tizen,480p,Surround 5.1,2,9.08,1.0,WiFi,Yes,No,Marta Kauffman,Álvaro Morte,Light-Hearted,8.3,42,96,4,10,51.9,497.1,Re-Activated,Low,Very Dissatisfied,39,2,1.3,53,122,36,No,0.22,Yes,2.26,0.31,0.29,18.0,1.06,-0.84,Yes,1.27,Google Search,CMP818914,Yes,NF8217,Too Expensive,No,Not Applicable,4,18.9,FY2023-Q1
USR441847,PRF797694,Shared,45-54,Prefer Not to Say,Germany,South Asia,Delhi,Spanish,Korean,Premium,7.82,2016-09-19,2024-08-20,Gift Card,2892,No,Yes,2,4,CNT315917,The Crown,Stand-Up,Thriller,Portuguese,Netflix Original,2019,U/A 7+,1,1,2023-06-14,Wednesday,11,18,25,72.0,In Progress,Yes,Never,Korean,4.2,485,93,No,No,No,Recommendations Only,No,Yes,No,Mobile,Fire TV,480p,Dolby Atmos,2,21.08,0.79,Fiber,No,No,Marta Kauffman,Jason Bateman,Feel Good,5.6,69,86,182,35,127.9,1265.4,Casual Viewer,Medium,Neutral,41,28,6.7,25,133,27,Yes,1.23,No,0,0.84,0.42,406.64,1.63,-0.4,No,0,App Store,CMP124993,No,None,Found Alternative,No,Not Applicable,5,10.3,FY2023-Q2
USR283729,PRF403815,Adult,55+,Non-Binary,Spain,Middle East,Riyadh,Hindi,Japanese,Premium,7.82,2021-06-13,2024-04-11,Gift Card,1033,Yes,No,3,4,CNT267575,Panchayat,Documentary,Thriller,German,Netflix Original,2020,U/A 7+,1,1,2024-09-17,Tuesday,19,14,155,9.0,Dropped,No,Always,Italian,3.7,466,79,No,Yes,No,None,No,Yes,Yes,Desktop,Web,4K HDR,Stereo,5,5.47,0.16,WiFi,Yes,No,Reed Hastings,Jason Bateman,Funny,8.5,45,61,3,4,50.4,114.1,Casual Viewer,Low,Very Dissatisfied,76,26,14.8,29,150,36,Yes,0.88,Yes,1.88,0.13,0.62,203.32,1.96,-1.08,No,0,App Store,CMP120821,No,None,Not Applicable,No,Not Applicable,3,45.5,FY2024-Q3
USR142420,PRF386089,Teen,13-17,Prefer Not to Say,Japan,Middle East,Cairo,Hindi,Spanish,Standard,6.01,2015-10-10,2024-03-31,Gift Card,3095,Yes,No,4,2,CNT132897,You,Mini-Series,Comedy,Korean,Netflix Original,2020,A,3,33,2023-03-27,Monday,11,131,174,75.3,In Progress,Yes,Never,Tamil,1.1,9,38,No,Yes,No,Recommendations Only,No,Yes,No,Desktop,Roku,1080p,Surround 5.1,8,22.65,6.18,Broadband,No,No,Bela Bajaria,Jenna Ortega,Suspenseful,9.0,66,70,94,17,29.6,114.9,Re-Activated,High,Very Dissatisfied,-51,15,11.6,6,116,42,Yes,0.51,No,0,1.81,0.05,126.21,2.25,-1.74,No,0,Email Campaign,CMP798585,No,None,Found Alternative,No,Not Applicable,2,41.4,FY2023-Q1
USR655046,PRF301996,Teen,13-17,Prefer Not to Say,South Korea,North America,New York,Korean,Korean,Basic,2.4,2015-11-01,2024-03-31,Net Banking,3073,No,Yes,1,1,CNT734868,The Crown,Documentary,Comedy,Hindi,Co-Production,2015,U/A 7+,1,1,2023-01-14,Saturday,23,84,107,78.5,In Progress,No,Sometimes,Tamil,1.3,442,7,No,Yes,Yes,All,Yes,Yes,No,Mobile,Tizen,480p,Dolby Atmos,1,1.88,0.33,WiFi,Yes,Yes,Bela Bajaria,Pankaj Tripathi,Light-Hearted,7.6,95,89,162,22,118.1,283.4,Casual Viewer,Very High,Very Dissatisfied,-25,19,16.8,41,74,13,No,0.27,Yes,1.34,1.44,0.09,79.2,2.48,-2.21,Yes,1.29,Google Search,CMP964517,No,None,Not Applicable,Yes,2024-02-01,2,35.4,FY2023-Q1
USR587529,PRF584064,Adult,25-34,Non-Binary,Spain,Middle East,Dubai,Portuguese,French,Mobile,1.8,2015-09-15,2024-09-09,Net Banking,3282,No,Yes,1,1,CNT574141,Black Mirror,Reality Show,Comedy,German,Netflix Original,2015,U/A 7+,1,1,2024-11-21,Thursday,2,80,101,79.2,In Progress,No,Sometimes,English,4.1,447,17,No,No,Yes,Recommendations Only,No,Yes,No,Desktop,Web,720p,Dolby Atmos,5,11.54,1.92,4G,Yes,Yes,Shonda Rhimes,Jason Bateman,Funny,9.1,84,98,174,5,85.8,659.0,Casual Viewer,High,Neutral,-50,0,20.1,11,78,35,No,0.44,No,0,0.74,0.3,66.6,1.28,-0.84,Yes,1.18,Word of Mouth,CMP299172,No,None,Technical Issues,Yes,2023-02-13,3,29.3,FY2024-Q4
USR537256,PRF358064,Adult,18-24,Female,Brazil,Latin America,Bogotá,Japanese,Korean,Standard,6.01,2016-03-10,2024-02-04,Debit Card,2887,No,Yes,4,2,CNT427718,Black Mirror,Stand-Up,Thriller,Korean,Co-Production,2023,U/A 16+,1,1,2024-05-21,Tuesday,6,67,126,53.2,In Progress,No,Never,Japanese,1.1,295,42,Yes,Yes,No,None,Yes,Yes,Yes,Tablet,Fire TV,480p,Surround 5.1,1,15.18,2.12,Broadband,Yes,No,David Fincher,Lily Collins,Suspenseful,6.4,50,81,162,20,102.9,529.6,New User,Very High,Dissatisfied,54,28,35.7,47,69,4,No,1.18,No,0,1.45,0.81,84.14,1.42,-0.24,No,0,App Store,CMP915197,No,None,Found Alternative,Yes,2023-01-19,1,38.1,FY2024-Q2
USR486538,PRF587524,Teen,13-17,Female,Japan,Asia Pacific,Seoul,German,Korean,Premium,7.82,2017-10-07,2024-04-24,Net Banking,2391,Yes,No,3,4,CNT682236,Roma,Talk Show,Animation,Spanish,Netflix Original,2019,A,1,1,2023-11-24,Friday,15,82,100,82.0,In Progress,No,Sometimes,Hindi,4.5,479,35,No,No,Yes,None,No,No,Yes,Gaming Console,Web,1080p,Stereo,3,13.33,2.28,WiFi,Yes,No,Jenji Kohan,Louis Hofmann,Suspenseful,5.9,91,72,153,39,18.9,146.2,Casual Viewer,High,Dissatisfied,40,0,25.3,42,83,25,Yes,1.49,Yes,4.06,0.85,0.82,46.92,1.25,0.24,Yes,1.98,Google Search,CMP742863,No,None,Too Expensive,Yes,2023-01-30,0,31.1,FY2023-Q4
USR774132,PRF983837,Teen,13-17,Female,Mexico,Asia Pacific,Melbourne,German,English,Mobile,1.8,2023-02-08,2024-12-31,Credit Card,692,Yes,No,1,1,CNT329639,You,Series,Thriller,Spanish,Netflix Original,2016,U/A 7+,5,35,2024-12-31,Tuesday,7,28,43,65.1,In Progress,Yes,Never,Japanese,4.9,165,49,No,Yes,No,Recommendations Only,Yes,No,Yes,Smart TV,Tizen,Dolby Vision,Stereo,8,10.7,0.62,4G,Yes,No,Shonda Rhimes,Phoebe Dynevor,Dark,6.5,66,81,193,5,74.4,456.3,Churned,High,Very Dissatisfied,-58,12,8.9,35,2,40,No,0.46,Yes,2.97,0.18,0.21,28.8,0.79,-0.33,No,0,Google Search,CMP683283,Yes,NF1396,Too Expensive,Yes,2023-09-03,2,24.8,FY2024-Q4
USR326936,PRF969885,Shared,25-34,Female,Mexico,Europe,Paris,Japanese,Hindi,Standard,6.01,2019-05-28,2024-03-02,Net Banking,1740,No,Yes,4,2,CNT854914,Stranger Things,Talk Show,Crime,Italian,Licensed,2021,U/A 13+,1,1,2023-07-29,Saturday,5,7,48,14.6,Dropped,No,Sometimes,Tamil,2.5,385,21,No,No,No,None,Yes,Yes,Yes,Smart TV,Android,Dolby Vision,Stereo,10,5.75,0.08,WiFi,No,Yes,Martin Scorsese,Louis Hofmann,Romantic,5.5,99,73,52,49,86.0,675.3,Re-Activated,Medium,Very Satisfied,-87,11,9.0,13,109,47,No,1.27,No,0,0.72,0.05,276.46,1.07,0.2,No,0,Social Media,CMP393578,Yes,NF6077,Too Expensive,Yes,2024-06-07,3,31.5,FY2023-Q3
USR940896,PRF380268,Shared,25-34,Male,India,Asia Pacific,Tokyo,French,Japanese,Basic,2.4,2016-05-07,2024-11-21,Debit Card,3120,Yes,No,2,1,CNT346225,Stranger Things,Series,Comedy,Korean,Co-Production,2022,U/A 16+,7,70,2024-12-12,Thursday,17,39,89,43.8,In Progress,Yes,Never,English,1.1,447,72,No,No,Yes,None,Yes,No,No,Smart TV,Windows,4K HDR,Surround 5.1,0,12.69,1.03,Broadband,Yes,No,Bela Bajaria,Nawazuddin Siddiqui,Intense,7.5,44,69,56,5,60.2,283.4,Binge Watcher,High,Dissatisfied,-56,18,16.4,30,89,49,No,0.63,No,0,0.35,0.01,19.2,2.14,-1.51,No,0,Word of Mouth,CMP953779,No,None,Content Not Interesting,No,Not Applicable,5,36.2,FY2024-Q4
USR441298,PRF867405,Adult,25-34,Non-Binary,Brazil,Latin America,Lima,Italian,French,Standard,6.01,2016-07-17,2024-06-19,Gift Card,2894,No,Yes,4,2,CNT788801,Panchayat,Mini-Series,Drama,Japanese,Licensed,2023,U/A 7+,7,77,2023-05-29,Monday,19,74,107,69.2,In Progress,No,Never,Portuguese,3.5,352,96,Yes,Yes,No,All,Yes,Yes,Yes,Tablet,Web,480p,Dolby Atmos,6,22.08,3.4,5G,Yes,No,Martin Scorsese,Shefali Shah,Light-Hearted,8.4,94,96,36,14,123.9,603.3,Churned,Low,Satisfied,-94,0,1.7,8,54,11,Yes,1.79,Yes,2.84,1.15,0.25,246.41,2.16,-0.37,Yes,4.71,Social Media,CMP365744,No,None,Too Expensive,No,Not Applicable,3,45.7,FY2023-Q2
USR597939,PRF364405,Teen,13-17,Male,Brazil,Latin America,Buenos Aires,Hindi,Hindi,Standard,6.01,2018-11-06,2024-07-17,PayPal,2080,No,Yes,2,2,CNT970978,Emily in Paris,Reality Show,Crime,Tamil,Co-Production,2022,U,1,1,2024-10-12,Saturday,19,15,171,8.8,Dropped,No,Sometimes,Japanese,3.7,123,77,No,Yes,No,Recommendations Only,No,Yes,No,Smart TV,Android,720p,Dolby Atmos,6,18.95,0.59,Fiber,Yes,No,Ryan Murphy,Omar Sy,Intense,9.4,71,80,90,2,39.1,216.1,Power User,High,Very Dissatisfied,-1,25,37.0,42,186,3,No,1.5,No,0,1.38,0.62,168.28,2.87,-1.37,No,0,Partner Deal,CMP223384,Yes,NF8986,Too Expensive,Yes,2024-01-25,5,25.0,FY2024-Q4
USR392450,PRF557484,Kids,18-24,Prefer Not to Say,Spain,Europe,Madrid,Hindi,English,Standard,6.01,2019-10-14,2024-02-26,Credit Card,1596,Yes,Yes,2,2,CNT375540,Breaking Bad,Talk Show,Action,English,Co-Production,2021,U/A 13+,1,1,2024-10-31,Thursday,5,10,116,8.6,Dropped,No,Sometimes,Italian,2.2,470,31,Yes,Yes,Yes,All,Yes,Yes,Yes,Tablet,Windows,Dolby Vision,Surround 5.1,1,2.99,0.06,3G,Yes,Yes,Marta Kauffman,Jason Bateman,Dark,6.0,95,97,127,15,107.4,899.1,Churned,Low,Satisfied,-49,4,12.4,48,180,25,Yes,0.66,Yes,2.47,0.73,0.7,42.07,2.27,-1.61,No,0,Google Search,CMP162908,No,None,Too Expensive,Yes,2024-03-04,4,37.9,FY2024-Q4
USR436055,PRF918551,Shared,45-54,Prefer Not to Say,Spain,North America,Houston,English,Hindi,Basic,2.4,2018-08-01,2024-05-04,PayPal,2103,No,Yes,2,1,CNT861785,Ozark,Talk Show,Sci-Fi,German,Licensed,2018,U/A 16+,1,1,2023-04-12,Wednesday,5,75,119,63.0,In Progress,No,Never,Korean,3.5,383,16,No,No,Yes,All,No,No,Yes,Tablet,Android,4K HDR,Stereo,1,12.2,1.91,Broadband,Yes,Yes,Shonda Rhimes,Phoebe Dynevor,Thought-Provoking,7.4,91,64,38,43,19.9,116.1,Power User,High,Dissatisfied,66,25,39.5,22,78,34,No,0.71,Yes,3.05,0.49,0.75,141.6,2.06,-1.35,Yes,2.16,Google Search,CMP996929,Yes,NF8075,Too Expensive,No,Not Applicable,3,24.8,FY2023-Q2
USR669141,PRF679761,Adult,55+,Non-Binary,France,Latin America,Lima,Korean,Japanese,Premium,7.82,2018-10-12,2024-02-16,Net Banking,1953,No,Yes,3,4,CNT710008,Narcos,Series,Horror,French,Co-Production,2019,U/A 7+,7,56,2024-08-31,Saturday,16,45,78,57.7,In Progress,Yes,Never,French,4.7,326,31,Yes,No,Yes,None,No,No,Yes,Tablet,Fire TV,1080p,Dolby Atmos,5,13.18,1.24,3G,No,Yes,Martin Scorsese,Lily Collins,Dark,6.5,55,96,49,23,145.9,456.8,Binge Watcher,Low,Dissatisfied,40,12,0.6,13,66,31,No,1.33,No,0,1.2,0.67,140.76,2.42,-1.09,Yes,6.47,Partner Deal,CMP711931,Yes,NF6922,Not Applicable,No,Not Applicable,2,24.8,FY2024-Q3
USR259072,PRF124069,Teen,13-17,Non-Binary,Spain,Latin America,Mexico City,Korean,Hindi,Premium,7.82,2022-01-16,2024-09-07,Net Banking,965,Yes,No,4,4,CNT313008,Mirzapur,Anime,Comedy,Spanish,Co-Production,2017,A,1,8,2023-02-25,Saturday,1,22,37,59.5,In Progress,Yes,Always,Hindi,1.4,292,94,No,No,Yes,All,Yes,No,Yes,Mobile,Fire TV,Dolby Vision,Stereo,10,14.38,0.66,4G,Yes,No,Ryan Murphy,Millie Bobby Brown,Light-Hearted,7.4,48,66,191,44,64.1,117.9,Re-Activated,High,Dissatisfied,48,27,24.2,25,115,13,Yes,0.64,No,0,1.95,0.72,187.68,1.57,-0.93,Yes,2.5,Social Media,CMP988439,No,None,Content Not Interesting,No,Not Applicable,0,19.9,FY2023-Q1
USR461951,PRF476984,Shared,55+,Prefer Not to Say,South Korea,Latin America,Bogotá,English,French,Mobile,1.8,2021-01-26,2024-05-19,Net Banking,1209,Yes,No,4,1,CNT859356,Marriage Story,Anime,Romance,English,Licensed,2022,U/A 16+,5,50,2024-02-02,Friday,14,57,175,32.6,In Progress,Yes,Sometimes,French,2.5,178,29,No,No,No,Recommendations Only,Yes,Yes,Yes,Gaming Console,Tizen,480p,Surround 5.1,6,7.22,0.86,5G,Yes,Yes,Ryan Murphy,Nawazuddin Siddiqui,Intense,8.2,78,84,44,26,31.9,133.0,New User,Low,Neutral,-80,16,37.3,29,39,18,Yes,0.43,Yes,2.21,1.76,0.96,88.2,2.84,-2.41,Yes,1.52,Email Campaign,CMP557067,Yes,NF7371,Temporary Pause,Yes,2024-04-08,2,41.9,FY2024-Q1
USR591852,PRF263482,Adult,25-34,Female,Brazil,Europe,Paris,Korean,Japanese,Basic,2.4,2016-01-13,2024-11-13,Gift Card,3227,Yes,Yes,3,1,CNT974805,Narcos,Talk Show,Documentary,Spanish,Licensed,2018,A,1,1,2023-01-18,Wednesday,6,24,174,13.8,Dropped,No,Sometimes,Korean,1.3,232,22,Yes,Yes,Yes,None,Yes,Yes,No,Mobile,Android,1080p,Surround 5.1,5,18.22,0.91,Broadband,No,No,Jenji Kohan,Omar Sy,Romantic,5.5,92,71,137,8,117.1,726.5,Churned,Very High,Very Dissatisfied,-10,25,24.4,46,192,25,No,0.27,Yes,1.61,0.02,0.86,132.0,1.18,-0.91,Yes,1.7,Partner Deal,CMP527481,Yes,NF3736,Too Expensive,Yes,2024-02-08,1,24.4,FY2023-Q1
USR771112,PRF206204,Kids,18-24,Non-Binary,USA,Latin America,Mexico City,Japanese,English,Standard,6.01,2018-05-07,2024-02-29,UPI,2124,No,Yes,4,2,CNT587681,Mirzapur,Stand-Up,Romance,English,Licensed,2020,U/A 16+,1,1,2024-05-13,Monday,6,11,24,45.8,In Progress,Yes,Never,French,2.7,181,65,No,Yes,No,All,No,No,Yes,Laptop,Web,480p,Stereo,4,10.21,0.23,4G,No,Yes,Shonda Rhimes,Omar Sy,Light-Hearted,7.9,49,88,152,49,112.6,790.1,Re-Activated,High,Very Satisfied,14,12,13.7,40,118,22,No,0.67,Yes,4.57,0.51,0.4,306.51,1.66,-0.99,Yes,3.32,Google Search,CMP485841,Yes,NF5020,Content Not Interesting,No,Not Applicable,0,38.6,FY2024-Q2
USR183854,PRF801934,Adult,35-44,Prefer Not to Say,Germany,Middle East,Dubai,Japanese,Portuguese,Mobile,1.8,2016-09-20,2024-07-12,PayPal,2852,No,Yes,4,1,CNT490192,Don't Look Up,Stand-Up,Thriller,Spanish,Licensed,2018,U/A 13+,1,1,2023-04-06,Thursday,19,40,118,33.9,In Progress,No,Never,Japanese,2.6,269,19,No,Yes,Yes,All,No,No,No,Laptop,webOS,4K HDR,Dolby Atmos,2,10.96,0.91,3G,Yes,No,Martin Scorsese,Álvaro Morte,Intense,5.2,59,60,35,13,63.3,199.2,Churned,Medium,Satisfied,-37,14,36.3,60,26,44,No,0.37,Yes,0.5,0.13,0.86,39.6,2.32,-1.95,Yes,1.18,App Store,CMP878592,No,None,Too Expensive,Yes,2024-11-19,3,20.4,FY2023-Q2
USR196799,PRF932138,Shared,18-24,Female,India,Asia Pacific,Sydney,English,English,Mobile,1.8,2023-09-10,2024-06-09,Net Banking,273,Yes,No,4,1,CNT286198,Roma,Reality Show,Thriller,Portuguese,Netflix Original,2022,U/A 7+,1,1,2023-02-01,Wednesday,10,20,114,17.5,Dropped,No,Sometimes,Japanese,2.2,341,73,Yes,Yes,Yes,Recommendations Only,No,Yes,Yes,Gaming Console,iOS,480p,Dolby Atmos,4,6.46,0.27,WiFi,Yes,Yes,Scott Stuber,Shefali Shah,Funny,7.2,71,85,151,14,61.4,535.4,New User,High,Very Dissatisfied,-26,19,33.6,5,157,18,Yes,0.46,No,0,0.32,0.33,54.0,2.63,-2.17,Yes,1.07,Social Media,CMP584795,No,None,Technical Issues,Yes,2023-06-03,4,41.0,FY2023-Q1
USR319961,PRF596215,Shared,35-44,Male,India,Europe,Rome,Japanese,Hindi,Mobile,1.8,2019-05-31,2024-06-22,Net Banking,1849,Yes,No,4,1,CNT300790,Sacred Games,Stand-Up,Horror,Portuguese,Licensed,2021,U,1,1,2023-08-29,Tuesday,9,31,103,30.1,In Progress,Yes,Always,French,2.0,199,23,No,No,No,None,No,No,Yes,Laptop,Roku,1080p,Dolby Atmos,1,24.96,1.61,Fiber,Yes,Yes,David Fincher,Claire Foy,Romantic,5.7,49,62,21,4,88.6,221.6,New User,Very High,Neutral,-63,1,35.4,16,132,38,No,0.19,Yes,1.77,0.67,0.32,37.8,2.3,-2.11,No,0,Google Search,CMP312080,Yes,NF5956,Not Applicable,No,Not Applicable,5,9.1,FY2023-Q3
USR738331,PRF699678,Shared,55+,Female,Japan,North America,New York,Japanese,Japanese,Standard,6.01,2015-01-12,2024-02-23,Gift Card,3329,No,Yes,5,2,CNT333727,Ozark,Documentary,Thriller,Japanese,Licensed,2023,U/A 13+,1,1,2023-10-08,Sunday,16,118,120,98.3,Completed,No,Never,English,3.1,418,29,No,No,No,All,Yes,Yes,Yes,Tablet,Tizen,4K HDR,Stereo,0,11.65,2.86,3G,Yes,Yes,Martin Scorsese,Omar Sy,Romantic,7.7,99,99,51,28,115.7,892.7,New User,High,Very Dissatisfied,69,1,20.1,38,55,34,No,1.43,No,0,1.08,0.76,48.08,1.21,0.22,Yes,3.04,Email Campaign,CMP221500,No,None,Technical Issues,Yes,2024-04-30,1,44.5,FY2023-Q4
